sensor_060,sensor_104,sensor_511,sensor_432,sensor_431,sensor_022,sensor_029,sensor_130,sensor_211,sensor_164,sensor_125,sensor_161,sensor_317,sensor_122,sensor_126,sensor_027,sensor_248,sensor_034,sensor_181,sensor_123,result
-1.7264,-0.0042,64.6707,33.1562,18.7673,-5419.0,64.2333,-0.0473,0.0772,0.09,15.93,967.0,6.2698,15.88,0.8656,1.773,,9.5126,20.95,2.639,양품
0.8073,-0.0045,141.4365,2.2655,10.4383,-5441.5,68.4222,-0.0946,0.0566,0.112,15.88,59.0,5.6522,15.88,0.8703,2.0143,,9.7997,17.99,2.541,양품
23.8245,-0.0026,240.7767,29.1663,10.3162,-5447.75,67.1333,-0.1892,0.0339,0.187,15.95,788.0,5.7247,15.9,0.8798,2.0295,0.1729,8.659,17.78,2.882,불량
24.3791,-0.0059,113.5593,13.4051,15.7089,-5468.25,62.9333,0.2838,0.1248,0.068,15.59,355.0,5.444,15.55,1.366,2.0038,0.0191,8.6789,16.22,3.132,양품
-12.2945,-0.0045,148.0663,10.739,12.7642,-5476.25,62.8333,-0.5677,0.0915,0.147,15.71,283.0,4.8956,15.75,0.946,1.9912,,8.7677,15.24,3.148,양품
28.2955,-0.0052,68.7351,30.8083,34.4833,-6058.0,62.3778,-0.0946,0.0645,0.065,15.88,910.0,5.5901,15.88,0.8703,1.7775,0.0217,9.6484,19.7,2.541,양품
2.1109,-0.0042,159.5238,23.8878,34.4004,-6154.0,60.8,-0.4731,0.0604,0.078,15.84,643.0,4.9162,15.83,0.8089,1.7715,,9.1502,18.27,2.575,양품
29.1309,-0.0057,79.1209,13.5593,4.3184,-5395.5,67.3,0.7096,0.0701,0.161,15.8,346.0,4.8066,15.78,0.7568,1.9893,0.0643,8.7289,13.92,2.27,양품
26.9791,-0.0048,138.5827,140.8109,137.7577,-4196.5,62.8,0.7096,0.0418,0.912,15.8,2900.0,4.3824,15.78,0.7568,1.323,0.0306,9.6234,12.48,2.27,양품
28.3118,-0.0073,86.0068,30.705,16.0896,-5357.5,67.0333,0.7096,0.0923,0.076,15.8,882.0,4.9838,15.78,0.7568,1.778,0.0368,8.7289,14.9,2.27,양품
27.8373,-0.0056,87.1111,210.1429,207.3327,-2727.5,68.7111,-0.5677,0.0644,0.921,15.71,2942.0,5.2778,15.75,0.946,0.8847,0.058,8.659,16.15,3.148,불량
25.0836,-0.0059,67.9406,21.2607,38.5716,-6097.75,64.7667,-0.5677,0.137,0.072,15.86,597.0,4.6853,15.88,0.9082,1.7695,0.0458,9.6234,15.08,2.661,불량
22.6227,-0.0075,94.8247,11.6479,17.5866,-5521.25,63.3778,-0.4731,0.0613,0.082,15.84,302.0,5.2108,15.83,0.8089,2.0107,0.0317,8.6789,16.06,2.575,양품
-1.1927,-0.0047,55.0265,22.6712,39.7545,-6069.75,67.9889,0.0,0.1587,0.078,15.8,648.0,6.4674,15.77,0.8467,1.7822,,8.7977,21.3,3.038,양품
17.6382,-0.0041,125.5385,400.0,400.0,-1431.5,62.5,0.0,0.1363,0.931,15.8,2478.0,4.9515,15.77,0.8467,0.439,0.1785,9.2007,18.54,3.038,불량
20.4209,-0.0031,263.4538,239.1194,215.3447,-2694.75,61.2333,-0.0473,0.1572,0.942,15.82,3530.0,4.9296,15.85,0.8987,0.8882,0.0706,9.2007,14.57,3.263,양품
-8.1182,-0.0071,68.5315,7.4372,10.439,-5757.25,63.3556,-0.0473,0.0443,0.125,15.82,199.0,6.5511,15.85,0.8987,2.0055,,9.1283,20.32,3.263,양품
-5.5327,-0.0066,89.7338,10.1236,29.4521,-5612.5,60.2444,-0.0473,0.0545,0.032,15.82,346.0,5.8924,15.85,0.8987,1.7835,,8.5762,19.18,3.263,양품
0.4836,-0.0052,102.9126,23.3714,18.5821,-5575.25,66.2,-0.4258,0.0622,0.109,15.84,644.0,6.8608,15.87,1.045,1.9803,,8.6397,22.15,3.15,양품
22.4736,-0.0016,349.2063,14.1501,16.5653,-5469.25,65.0778,-0.4258,0.156,0.165,15.84,380.0,5.2005,15.87,1.045,2.0157,0.0283,8.6789,16.24,3.15,양품
3.97,-0.0051,87.8049,13.3098,4.172,-5441.0,67.2,-0.4258,0.0955,0.08,15.84,339.0,7.2532,15.87,1.045,1.97,,8.6572,22.23,3.15,양품
0.12,-0.0092,64.3929,16.3897,18.4211,-5434.0,65.1667,-0.4258,0.0954,0.13,15.84,429.0,6.7289,15.87,1.045,2.0095,,8.6397,21.52,3.15,양품
-3.6564,-0.0072,42.9066,14.1674,12.5794,-5310.25,66.3556,0.0473,0.1077,0.087,15.88,385.0,6.6914,15.86,1.087,1.9715,,8.6397,21.56,3.361,양품
18.3936,-0.0108,60.1156,234.9546,212.6302,-2664.25,62.5,-0.4731,0.1312,0.915,16.03,3623.0,5.1588,15.96,0.9838,0.8915,0.2587,9.2007,19.27,3.034,불량
15.3536,-0.0076,60.3279,209.1896,200.0932,-2681.75,64.6778,0.0946,0.1883,0.89,15.7,3130.0,5.7899,15.73,0.7285,0.8862,0.0225,8.7487,18.48,1.877,양품
2.9964,-0.0071,65.8494,228.3244,218.5144,-2706.0,67.0333,-0.615,0.0403,0.95,16.01,3301.0,5.196,15.98,0.9365,0.8895,,8.6942,14.56,3.421,양품
-6.9155,-0.0062,48.0962,23.6455,9.6583,-5611.75,68.0333,-0.615,0.0488,0.148,16.01,647.0,5.45,15.98,0.9365,2.0137,,9.7997,17.88,3.421,양품
17.3873,-0.0078,69.6774,15.3734,8.4746,-5369.0,62.8889,-0.0473,0.1627,0.088,16.05,420.0,4.4239,15.98,0.9554,2.0017,0.0332,8.9336,14.36,3.759,양품
13.1136,-0.0087,60.6581,26.9298,13.8764,-5217.5,66.1667,-0.615,0.1782,0.084,16.01,812.0,4.1865,15.98,0.9365,1.802,0.0597,8.8388,13.94,3.421,양품
14.7073,-0.0112,51.8436,23.2998,4.6529,-5416.0,65.6333,-0.0473,0.1696,0.16,15.93,603.0,6.2102,15.93,0.6055,1.9817,0.0635,8.7588,20.91,2.647,양품
29.5109,-0.0098,49.1677,14.8202,9.7264,-5500.5,68.6444,-0.0473,0.1818,0.089,16.05,406.0,4.6253,15.98,0.9554,1.9888,0.0292,23.3453,15.28,3.759,양품
13.1482,-0.0093,59.4595,10.2928,5.6387,-5497.75,65.3667,-0.615,0.1694,0.159,16.01,261.0,5.8491,15.98,0.9365,1.9773,0.1551,8.8033,18.81,3.421,양품
-3.3864,-0.0087,67.6218,15.0156,12.1828,-5507.75,62.6667,0.0946,0.1038,0.036,15.87,396.0,5.3701,15.89,0.3122,1.9745,,9.1283,15.54,2.322,양품
4.4036,-0.0084,37.9822,226.5161,212.5834,-2622.5,65.4556,0.0946,0.0851,0.918,15.87,3511.0,4.6444,15.89,0.3122,0.8912,,8.8249,14.57,2.322,양품
17.5473,-0.0093,78.7062,19.959,34.2415,-6010.25,66.8889,-0.0473,0.1412,0.06,15.93,560.0,4.6263,15.93,0.6055,1.7778,0.0974,8.9336,14.83,2.647,양품
-10.1245,-0.006,95.0,4.4748,9.571,-5548.0,66.4778,0.0946,0.1033,0.081,15.87,118.0,4.5125,15.89,0.3122,2.0092,,10.0686,15.31,2.322,양품
13.9782,-0.0091,75.513,400.0,400.0,-1362.0,65.2667,-0.0473,0.1515,0.896,15.93,2841.0,4.5344,15.93,0.6055,0.4407,0.0231,8.7588,15.56,2.647,양품
13.4891,-0.0087,57.2246,9.4785,11.3154,-5452.75,65.2222,-0.0473,0.1618,0.067,15.93,244.0,5.9735,15.93,0.6055,1.9728,0.0306,8.7588,19.74,2.647,양품
24.9027,-0.0033,172.0755,10.1549,1.3288,-5493.75,68.3222,-0.0473,0.1423,0.095,15.93,259.0,4.0902,15.93,0.6055,2.0135,0.0267,8.659,14.17,2.647,불량
23.4736,-0.0093,40.7507,18.0311,3.0404,-5525.5,70.5111,-1.108,0.0938,0.151,15.96,484.0,5.4109,15.98,1.483,2.0092,0.0268,23.3453,13.98,3.207,양품
15.1509,-0.0085,75.2941,119.356,36.3404,-5085.25,63.5111,-0.0473,0.1431,0.173,15.93,4170.0,4.1708,15.93,0.6055,1.9875,0.07,9.1585,13.94,2.647,불량
-2.6636,-0.0077,21.9709,6.4464,1.2797,-5626.25,64.1778,0.0946,0.0475,0.104,15.87,179.0,5.8979,15.89,0.3122,1.987,,8.6074,22.25,2.322,양품
-2.4636,-0.0082,70.5167,8.0984,47.52,-6033.25,62.2889,0.0946,0.058,0.057,15.87,214.0,4.9579,15.89,0.3122,1.97,,9.1502,14.82,2.322,양품
19.3136,-0.0088,42.1053,6.3449,13.35,-5415.75,69.0,-1.204,0.1738,0.115,16.1,163.0,4.2384,15.93,1.252,2.0063,0.0346,10.6376,13.35,3.861,양품
8.3045,-0.0068,76.8946,154.0144,159.9873,-4731.0,60.8444,-0.4258,0.0732,0.926,15.83,3309.0,5.5408,15.82,1.125,1.3322,0.0375,9.1585,18.05,3.2,양품
5.03,-0.0056,113.0045,7.2168,5.3908,-5546.5,69.0667,-0.4258,0.056,0.068,15.83,190.0,5.3607,15.82,1.125,1.9992,0.2139,10.6376,18.38,3.2,불량
12.0945,-0.0071,41.0619,215.9856,231.6367,-3281.0,63.1333,0.0946,0.0633,0.901,15.9,3290.0,5.1749,15.87,1.021,0.8885,0.1467,8.7487,17.38,3.628,양품
23.1373,-0.008,42.7002,150.8276,163.9724,-4667.25,61.8667,0.0946,0.0871,0.947,15.9,3417.0,4.9516,15.87,1.021,1.3305,0.0221,9.2007,17.25,3.628,양품
25.0382,-0.0091,96.9697,20.7906,2.0565,-5300.25,69.0667,-1.108,0.0806,0.208,15.96,547.0,4.7265,15.98,1.483,2.0105,0.1918,23.3453,17.48,3.207,불량
23.3109,-0.0078,18.0064,6.459,13.6863,-5553.0,69.5556,-0.4258,0.0843,0.103,15.83,169.0,5.1077,15.82,1.125,2.0433,0.0421,8.7495,17.35,3.2,불량
23.9555,-0.0094,49.0667,14.0364,2.9106,-5394.0,68.3556,-0.4258,0.0442,0.145,15.83,368.0,5.5385,15.82,1.125,2.0032,0.0244,23.3453,20.02,3.2,불량
21.39,-0.007,90.4847,213.2729,209.3186,-2575.5,64.4222,-0.1419,0.0932,0.891,15.82,3294.0,4.665,15.82,0.9933,0.892,0.0354,8.7487,13.41,3.434,양품
1.5882,-0.0075,67.8869,7.993,15.1676,-5175.5,67.2667,-0.1419,0.0597,0.163,15.82,207.0,5.5737,15.82,0.9933,2.0,0.2956,10.6376,19.17,3.434,양품
0.6782,-0.0078,50.0803,10.061,8.0072,-5545.0,64.0778,0.0946,0.0569,0.125,15.9,264.0,4.3439,15.87,1.021,1.9772,,8.8249,12.51,3.628,양품
20.0455,-0.007,200.7117,143.914,169.3746,-4520.75,62.3667,0.0946,0.064,0.906,15.9,3278.0,5.3269,15.87,1.021,1.3458,0.1959,9.1784,16.84,3.628,양품
21.8964,-0.0087,33.1903,22.7771,9.5008,-5683.75,64.7111,0.0946,0.0701,0.1,15.9,618.0,5.4366,15.87,1.021,1.9597,0.0583,9.1784,18.02,3.628,양품
22.8809,-0.0037,111.9454,6.498,12.4897,-5460.5,70.0889,0.0473,0.1543,0.074,15.81,174.0,5.6503,15.78,1.021,2.031,0.0503,8.7599,16.39,3.584,양품
2.5209,-0.0055,101.1287,400.0,400.0,-1368.75,63.4,-0.1419,0.0648,0.901,15.82,2615.0,5.1458,15.82,0.9933,0.4425,0.0267,8.7487,17.56,3.434,불량
15.9527,-0.0101,31.6049,140.2004,171.6735,-4490.5,63.6,-0.615,0.1326,0.894,15.71,3253.0,6.4035,15.78,1.05,1.3438,0.0297,9.1784,20.7,3.564,불량
-1.6545,-0.0066,80.0,13.0901,15.037,-5433.25,66.7222,0.1892,0.1558,0.141,15.72,357.0,5.5012,15.73,0.8467,2.0187,,9.7997,17.59,2.96,양품
6.7391,-0.0038,102.6316,14.9004,10.3936,-5493.75,68.0222,0.0,0.1509,0.103,15.68,387.0,6.0092,15.72,0.8703,1.9828,0.0385,10.6376,22.05,3.327,양품
13.8118,-0.0033,218.1818,215.9742,210.8972,-2597.0,63.9778,0.0473,0.1613,0.899,15.73,3184.0,4.3153,15.74,0.9034,0.891,0.1661,8.7588,13.6,3.133,양품
18.3209,-0.0057,66.5208,9.969,12.02,-5507.5,68.0,0.0473,0.1848,0.082,15.73,265.0,5.115,15.74,0.9034,1.9905,0.0818,8.7599,15.71,3.133,불량
16.4582,-0.0057,87.7193,21.4787,21.4027,-5667.5,63.5778,0.3311,0.1703,0.088,15.76,528.0,5.2632,15.71,0.9365,2.012,0.0165,9.2405,16.9,3.478,양품
9.05,-0.0057,74.7826,28.4629,10.8874,-5501.75,68.1222,0.0,0.0672,0.138,15.78,768.0,4.4627,15.81,1.21,2.0062,0.1343,8.7495,13.52,3.566,불량
18.8309,-0.0064,54.5809,17.4794,18.2815,-5382.5,67.8444,0.0,0.0644,0.094,15.83,457.0,5.9995,15.82,0.9649,2.01,0.0221,8.7495,16.23,3.448,양품
18.2809,-0.0053,89.9297,17.6323,2.6152,-5659.25,65.1667,0.0,0.0476,0.149,15.83,458.0,4.5431,15.82,0.9649,2.0077,0.0275,8.6324,14.84,3.448,양품
19.8,-0.0074,53.6913,15.4802,9.1419,-5349.0,61.6222,0.0,0.052,0.107,15.83,411.0,5.3492,15.82,0.9649,1.9663,0.0457,9.2658,15.62,3.448,양품
11.6818,-0.007,68.8172,12.2749,9.791,-5597.0,65.6333,0.0,0.2135,0.079,15.83,317.0,4.3109,15.82,0.9649,1.9752,0.0251,8.8033,14.41,3.448,양품
22.4345,-0.0054,102.3256,5.4174,15.3111,-5440.5,68.3444,0.0,0.1816,0.108,15.83,140.0,4.9353,15.82,0.9649,2.0045,0.0947,8.7599,13.84,3.448,양품
17.1627,-0.007,54.5781,23.6738,10.5802,-5614.25,68.3,0.0,0.0481,0.177,15.83,656.0,4.6734,15.82,0.9649,1.9745,0.0489,9.6272,15.3,3.448,양품
25.4573,-0.0046,111.4754,8.2913,5.5651,-5534.5,70.7667,-0.3311,0.1203,0.14,15.74,218.0,4.7397,15.73,1.031,2.018,0.0439,8.7599,15.88,3.776,양품
20.5509,-0.0031,174.8988,224.9444,214.5513,-2649.25,63.3444,0.0473,0.0678,0.913,15.83,3287.0,4.9899,15.78,0.9933,0.8882,0.0545,8.7487,15.49,3.62,양품
18.6827,-0.0078,51.4469,16.1158,4.8251,-5554.25,65.4667,-0.3311,0.1816,0.086,15.74,423.0,5.7303,15.73,1.031,2.021,0.0398,8.8388,19.23,3.776,양품
25.4427,-0.0055,76.0181,21.9459,10.0975,-6566.0,65.2889,0.8042,0.0758,0.113,15.87,653.0,4.0636,15.88,0.7947,1.8762,0.2188,9.094,10.9,2.438,양품
17.6373,-0.0063,65.3386,110.4286,6.876,-5613.75,64.8111,0.0473,0.081,0.145,15.83,3775.0,5.2115,15.78,0.9933,1.99,0.1725,8.7588,15.1,3.62,양품
24.3509,-0.005,90.0,20.0458,7.6682,-6546.5,64.6444,0.8042,0.0692,0.122,15.87,613.0,4.4431,15.88,0.7947,1.8822,0.1739,9.094,17.39,2.438,양품
12.0627,-0.0071,79.292,27.6994,7.4841,-5652.0,64.6222,0.8042,0.082,0.093,15.87,751.0,3.8954,15.88,0.7947,1.9457,0.0445,9.1784,12.74,2.438,양품
9.5227,-0.0053,54.8463,27.2585,32.5985,-6656.75,60.9222,0.0473,0.0603,0.074,15.83,786.0,3.9957,15.78,0.9933,1.7797,0.1574,9.1585,13.28,3.62,양품
22.9245,-0.0061,98.3607,6.03,8.8709,-5681.5,67.5333,-0.3311,0.1577,0.08,15.74,161.0,4.746,15.73,1.031,1.9998,0.0958,8.7495,15.1,3.776,양품
9.3336,-0.0092,39.2906,38.937,5.6163,-5537.5,64.0,0.8042,0.0517,0.057,15.87,967.0,4.49,15.88,0.7947,1.9648,0.1755,9.1784,14.62,2.438,양품
12.5391,-0.0071,56.6372,3.2325,7.0664,-5349.25,68.5444,-0.4731,0.1474,0.097,15.83,82.0,4.3171,15.83,1.05,2.0063,0.0607,10.6376,14.45,3.777,양품
12.4309,-0.0063,68.6627,15.6819,7.7151,-5495.75,62.8333,0.0,0.0546,0.152,15.78,424.0,5.3995,15.81,1.21,1.9688,0.1832,9.2658,18.43,3.566,불량
28.6355,-0.0053,68.2464,19.359,8.085,-6518.25,67.5222,-0.4731,0.0809,0.094,15.83,595.0,5.2164,15.83,1.05,1.8967,0.0649,8.6667,14.37,3.777,양품
8.6927,-0.006,85.5346,144.6055,171.0053,-4556.0,62.6556,0.0473,0.1767,0.899,15.83,3267.0,4.1082,15.78,0.9933,1.3362,0.0442,9.1784,12.11,3.62,양품
-5.3055,-0.0054,46.62,9.2745,9.7561,-5432.5,64.1667,-0.4731,0.059,0.109,15.83,248.0,5.2837,15.83,1.05,2.0345,,8.9336,16.04,3.777,양품
-8.7491,-0.0066,30.4762,12.322,13.1214,-5677.75,66.6889,-0.4731,0.0706,0.169,15.83,344.0,4.8942,15.83,1.05,1.9985,,8.755,12.24,3.777,양품
26.6582,-0.004,62.6959,25.1799,26.8362,-6174.5,68.9222,0.0,0.1362,0.139,15.74,735.0,5.2537,15.75,0.9082,1.881,0.1351,8.7947,19.13,3.276,양품
28.7064,-0.0047,77.2118,4.1402,5.5144,-5367.75,68.2222,0.0,0.1644,0.097,15.74,106.0,6.8114,15.75,0.9082,2.0093,0.3297,8.7947,22.4,3.276,양품
-8.2255,-0.0053,76.815,20.6968,9.8456,-5393.25,66.0889,,0.0462,0.194,,551.0,4.7156,,,1.9872,,8.8249,13.17,,양품
28.1191,-0.0049,122.7621,15.1577,10.332,-5594.25,61.2556,0.0,0.1548,0.096,15.74,447.0,5.2147,15.75,0.9082,1.8807,0.1551,9.3851,18.02,3.276,양품
8.6673,-0.0071,76.5957,232.4752,213.9561,-2665.5,67.0222,-0.3311,0.0643,0.957,15.74,3454.0,4.6593,15.73,1.031,0.8912,,8.6942,14.74,3.776,양품
3.8509,-0.0061,99.389,9.0616,9.535,-5527.0,60.9111,0.0473,0.0622,0.077,15.83,232.0,5.469,15.78,0.9933,1.984,,9.1502,18.54,3.62,양품
-15.1964,-0.0063,87.3016,144.7031,164.3363,-4695.25,65.2,,0.1261,0.954,,3046.0,4.2296,,,1.3355,,8.8388,15.78,,양품
-6.4836,-0.0054,115.3488,17.4908,12.0732,-5491.5,64.8,0.7569,0.0319,0.133,15.68,451.0,4.1415,15.7,0.894,1.9898,,8.6942,11.5,3.428,양품
-11.2182,-0.0058,65.2361,14.7059,11.3303,-5463.25,65.3,,0.0415,0.178,,390.0,4.2605,,,2.0063,,9.7997,12.81,,양품
11.5591,-0.0052,117.8744,213.7496,210.022,-2609.25,62.7556,0.0473,0.1176,0.895,15.83,3218.0,4.1373,15.78,0.9933,0.8925,0.0461,8.7588,12.1,3.62,불량
28.4227,-0.005,116.5829,15.8153,3.0376,-5497.75,67.1556,0.0473,0.138,0.177,15.76,411.0,5.2979,15.71,1.026,2.0083,0.2973,8.7947,16.91,3.617,양품
24.4727,-0.005,100.7557,14.8199,10.7203,-5522.25,61.7444,0.0473,0.1133,0.085,15.76,435.0,5.7258,15.71,1.026,1.87,0.0987,9.3851,20.14,3.617,양품
5.1345,-0.006,103.3333,400.0,400.0,-1502.75,60.5,0.0,0.1217,0.947,15.74,2426.0,5.3251,15.75,0.9082,0.4368,0.4075,9.2007,17.05,3.276,양품
24.8064,-0.0062,45.0704,12.1608,6.467,-5443.0,67.8111,0.0473,0.1419,0.114,15.76,307.0,7.6145,15.71,1.026,1.9935,0.0545,8.7947,23.74,3.617,양품
27.6182,-0.0037,92.2034,4.5083,5.928,-5668.0,64.0,0.1419,0.1999,0.056,15.66,127.0,4.9451,15.69,0.9318,1.853,0.0418,9.3851,15.55,3.663,양품
20.5864,-0.0069,70.6306,26.2437,2.6774,-6274.75,66.2556,0.1419,0.1689,0.134,15.66,790.0,4.4596,15.69,0.9318,1.8835,0.1698,10.9634,13.45,3.663,양품
27.6655,-0.0051,101.4634,18.947,9.8404,-5609.5,61.7667,0.0473,0.1558,0.095,15.76,556.0,5.2551,15.71,1.026,1.8678,0.0463,9.3851,16.9,3.617,양품
29.0264,-0.0056,42.5721,21.505,4.6553,-6487.25,65.7333,0.7569,0.1476,0.106,15.68,633.0,4.6683,15.7,0.894,1.8753,0.0623,9.094,12.7,3.428,양품
27.7364,-0.0066,85.3333,18.2031,9.7933,-6361.5,66.9778,0.0,0.0531,0.108,15.74,544.0,3.9228,15.75,0.9082,1.8895,0.0249,10.9634,10.64,3.276,양품
24.8282,-0.0059,64.6809,26.1707,6.0178,-6514.0,61.6444,0.7569,0.16,0.113,15.68,795.0,4.1939,15.7,0.894,1.882,0.0252,9.1638,14.11,3.428,양품
24.6118,-0.0064,73.0097,18.1623,8.133,-6541.25,65.4333,0.7569,0.158,0.112,15.68,549.0,3.7815,15.7,0.894,1.8858,0.0471,9.094,15.23,3.428,양품
27.7155,-0.0075,27.8607,19.4195,24.6734,-5147.25,62.9667,0.7569,0.1298,0.107,15.68,470.0,4.2139,15.7,0.894,1.983,0.199,9.094,14.45,3.428,양품
23.7864,-0.0068,49.8168,23.0036,5.9363,-6485.5,63.6444,0.0473,0.1524,0.126,15.76,700.0,4.8339,15.71,1.026,1.888,0.1278,9.1638,15.72,3.617,양품
20.6,-0.0054,127.4827,10.5076,12.9784,-5409.0,68.3333,-0.1419,0.0386,0.138,15.64,280.0,5.5196,15.7,1.012,1.9937,0.0705,8.9336,17.76,3.865,양품
29.7509,-0.005,151.5152,21.2752,6.0189,-6463.0,67.4,0.0473,0.0517,0.109,15.76,644.0,3.8059,15.71,1.026,1.8718,0.028,8.6667,13.9,3.617,양품
23.9945,-0.0066,66.7932,16.2905,4.8859,-5301.0,63.3556,0.0,0.1404,0.155,15.74,397.0,5.4282,15.75,0.9082,1.9775,0.0273,9.2658,18.23,3.276,양품
16.7909,-0.0055,78.0045,21.031,3.758,-5401.75,70.1667,-0.1419,0.1167,0.19,15.64,562.0,5.6383,15.7,1.012,2.019,0.0459,8.7495,18.16,3.865,양품
23.7136,-0.0057,68.5714,19.8961,10.4161,-6470.75,64.6556,0.0473,0.161,0.095,15.76,613.0,5.8419,15.71,1.026,1.8893,0.121,10.9634,19.42,3.617,양품
18.5764,-0.004,65.2038,6.6285,12.7376,-5432.75,60.2667,0.0,0.1134,0.067,15.74,171.0,4.4137,15.75,0.9082,1.9748,0.0385,9.2405,14.42,3.276,불량
24.2918,-0.0051,136.9193,23.5008,61.4163,-5856.75,62.2111,0.0473,0.1296,0.115,15.76,725.0,6.0972,15.71,1.026,1.8845,0.1286,9.1638,17.8,3.617,양품
25.5127,-0.0044,77.2727,17.7651,14.0162,-5657.75,64.7111,-0.1419,0.0539,0.098,15.64,467.0,4.3933,15.7,1.012,1.97,0.0641,9.094,11.63,3.865,양품
26.7064,-0.0062,54.6185,5.9174,12.8939,-5560.75,63.9444,0.0,0.1619,0.126,15.74,154.0,4.8126,15.75,0.9082,1.9817,0.0462,9.2658,13.41,3.276,양품
8.9136,-0.0039,93.9683,13.2701,3.8361,-5474.25,65.7778,-0.3311,0.1191,0.062,15.73,336.0,4.0809,15.74,1.087,1.9945,0.1677,10.6376,13.58,3.316,양품
8.9418,-0.0017,301.4493,11.9534,8.2136,-5600.5,68.2556,-0.1419,0.0373,0.116,15.65,326.0,5.1314,15.65,0.9838,1.977,0.0748,9.6272,14.37,3.785,양품
6.9918,-0.0057,58.1498,25.179,40.8816,-6068.75,67.1778,-0.1419,0.1442,0.073,15.64,712.0,4.291,15.7,1.012,1.779,0.1185,10.0686,13.84,3.865,양품
16.6036,-0.0062,77.1084,14.1199,9.2716,-5306.5,67.5778,0.6623,0.0951,0.191,15.8,374.0,5.4277,15.79,0.9176,1.9827,0.021,9.6272,16.53,3.609,양품
16.5255,-0.0017,243.4783,18.8253,31.6571,-6030.25,63.1444,-0.0946,0.1374,0.14,15.74,500.0,5.0727,15.81,1.035,1.9933,0.1853,9.2405,16.86,3.628,양품
29.1918,-0.005,88.665,36.6957,3.6436,-5653.75,65.4778,-0.3784,0.0654,0.136,15.74,854.0,5.9941,15.74,1.021,2.0232,0.1409,8.7947,18.15,3.901,양품
10.08,-0.004,82.243,23.4882,20.8924,-5418.25,61.8778,0.6623,0.1399,0.101,15.8,604.0,4.9691,15.79,0.9176,1.9705,0.0337,9.0998,13.18,3.609,양품
3.9055,-0.0068,61.7647,17.8636,4.7153,-5641.25,61.8333,0.7569,0.054,0.071,15.68,472.0,4.3009,15.7,0.894,1.9843,0.0182,9.2405,14.19,3.428,양품
26.6527,-0.0059,79.661,17.9902,5.2902,-5538.5,68.4333,0.3311,0.1159,0.153,15.7,461.0,7.4134,15.7,1.272,2.0003,0.0255,8.7947,23.05,3.653,양품
17.6864,-0.0047,113.0667,4.0212,6.5948,-5261.75,66.9333,-0.0946,0.0499,0.111,15.74,108.0,5.7063,15.81,1.035,1.993,0.0353,8.9336,17.03,3.628,양품
15.0182,-0.0059,62.5793,22.7996,15.7129,-5587.75,61.6778,-0.0946,0.0598,0.15,15.74,566.0,4.593,15.81,1.035,1.9705,0.1931,9.2658,15.21,3.628,양품
15.7936,-0.0056,89.6861,13.4279,10.4673,-5531.5,69.3333,-0.0946,0.0461,0.06,15.74,355.0,4.0226,15.81,1.035,2.0303,0.2107,8.7495,11.65,3.628,양품
6.6636,-0.0067,44.8598,16.9847,10.1901,-5456.25,67.6333,0.0,0.1645,0.18,15.74,445.0,5.0305,15.75,0.9082,1.9972,0.2239,9.6272,12.77,3.276,불량
10.2109,-0.0045,93.3333,8.3366,10.3981,-5683.75,63.2778,0.6623,0.13,0.206,15.8,212.0,5.1929,15.79,0.9176,2.0173,0.0191,9.1502,18.14,3.609,양품
-19.1518,-0.0056,52.0179,27.894,36.0465,-6563.75,66.0556,,0.088,0.077,,847.0,4.9213,,,1.8005,,8.8388,13.59,,양품
22.2164,-0.0041,104.2424,17.9979,3.238,-5559.0,63.9,-0.0473,0.0521,0.151,15.74,467.0,4.0774,15.72,1.097,1.9682,0.0224,9.2658,11.92,3.937,양품
25.8364,-0.007,46.9751,8.7794,10.3641,-5499.75,63.3778,0.3311,0.0623,0.115,15.7,228.0,4.7194,15.7,1.272,1.9685,0.1115,9.2658,14.39,3.653,양품
25.9591,-0.0093,64.1711,19.6439,2.0619,-6353.5,67.6556,0.3311,0.1596,0.092,15.7,593.0,3.7323,15.7,1.272,1.8835,0.0667,8.6667,13.23,3.653,양품
23.8864,-0.005,83.3747,23.4395,10.4709,-6599.25,63.5778,-0.3784,0.1282,0.09,15.74,721.0,4.3832,15.74,1.021,1.8888,0.058,9.1638,13.76,3.901,양품
23.0364,-0.0068,56.0886,25.3041,7.5466,-6413.5,67.3111,0.3311,0.1308,0.137,15.7,775.0,5.6844,15.7,1.272,1.8873,0.0568,10.9634,19.92,3.653,양품
22.7418,-0.0062,46.9636,23.0048,5.5864,-6569.5,63.8444,0.6623,0.1244,0.08,15.8,681.0,4.8832,15.79,0.9176,1.8785,0.0421,9.1638,15.77,3.609,양품
-9.2836,-0.0034,162.3188,19.434,6.4038,-6480.5,65.9556,-0.615,0.0606,0.115,15.78,594.0,6.4762,15.81,1.097,1.8815,,9.043,16.83,3.877,양품
-17.9336,-0.0045,103.8674,10.7508,5.1852,-6364.25,65.8333,-0.615,0.0752,0.07,15.78,329.0,6.2982,15.81,1.097,1.888,,9.043,18.72,3.877,양품
23.5609,-0.0053,78.6885,22.1984,7.6778,-6473.25,62.9667,0.0946,0.1603,0.129,15.79,673.0,4.7793,15.79,1.021,1.8873,0.0516,9.1638,13.17,3.742,양품
-8.3127,-0.0049,77.7494,217.42,232.8526,-3293.5,64.0778,0.0946,0.0723,0.901,15.79,3295.0,5.3704,15.79,1.021,0.893,0.0397,8.7487,17.81,3.742,양품
5.3382,-0.0042,56.4706,400.0,400.0,-1918.25,63.4889,-0.0473,0.0674,0.876,15.74,2947.0,5.4647,15.72,1.097,0.4445,0.0507,9.1784,18.03,3.937,양품
23.8745,-0.0046,110.5691,10.5596,10.9889,-5478.25,62.9889,0.6623,0.079,0.11,15.8,267.0,5.2167,15.79,0.9176,1.964,0.0853,9.0998,18.57,3.609,양품
27.3427,-0.0071,85.7645,21.3372,3.7234,-6472.5,68.0444,0.3311,0.0481,0.108,15.7,663.0,3.665,15.7,1.272,1.8952,0.0427,8.6667,10.13,3.653,양품
17.3018,-0.0057,116.5563,11.0791,48.5466,-6235.25,63.0,0.0946,0.0449,0.173,15.68,298.0,5.4289,15.68,1.021,1.993,0.1614,9.2405,18.11,3.736,양품
26.2655,-0.007,58.5714,22.1979,7.3336,-6449.75,66.2222,0.1892,0.1095,0.115,15.78,659.0,6.0744,15.83,1.371,1.8915,0.3002,8.7947,18.34,4.145,양품
-21.2055,-0.0073,54.8885,25.5441,32.8876,-6169.5,65.3222,0.0946,0.1306,0.067,15.79,716.0,4.8407,15.79,1.021,1.7675,,8.755,13.83,3.742,양품
-7.5382,-0.0071,66.4311,15.7059,8.9181,-5550.5,65.0444,0.1892,0.0952,0.063,15.78,423.0,4.7816,15.83,1.371,2.013,,9.043,16.85,4.145,양품
4.3109,-0.0037,126.5993,5.2999,7.7453,-5448.5,64.0,-0.0946,0.1023,0.13,15.74,133.0,6.32,15.81,1.035,1.975,,8.8741,19.92,3.628,양품
29.1164,-0.0056,66.5169,23.9286,9.4301,-6352.0,66.7111,0.6623,0.0775,0.074,15.8,737.0,4.594,15.79,0.9176,1.9033,0.0933,10.9634,12.9,3.609,양품
15.8609,-0.0043,86.8035,14.7144,36.542,-5098.25,67.9778,0.0946,0.0748,0.041,15.68,396.0,3.9193,15.68,1.021,2.0083,0.3004,8.7599,11.92,3.736,양품
26.7745,-0.006,68.7631,18.4187,2.279,-6362.5,65.8,0.6623,0.1249,0.124,15.8,562.0,4.422,15.79,0.9176,1.9012,0.1085,8.6667,14.82,3.609,불량
-3.2509,-0.0043,142.6901,23.2462,3.1477,-6290.25,70.2444,0.0946,0.1068,0.092,15.79,705.0,4.8207,15.79,1.021,1.8942,,8.6309,14.61,3.742,양품
0.2309,-0.0054,65.1163,13.7175,10.4838,-5389.25,61.2222,0.6623,0.1124,0.131,15.8,363.0,5.0611,15.79,0.9176,1.9718,,9.1502,14.7,3.609,양품
26.4509,-0.0057,98.0306,25.9383,8.7784,-6538.75,63.9,-0.0473,0.0853,0.138,15.74,774.0,4.8377,15.72,1.097,1.8808,0.0543,9.1638,15.01,3.937,불량
-12.1527,-0.0043,141.0405,15.1007,9.1661,-6349.5,69.0111,-0.0946,0.0488,0.083,15.77,448.0,4.4012,15.83,1.097,1.8818,,8.6309,15.39,3.925,불량
-1.5664,-0.0049,117.2237,4.3524,8.5901,-5599.5,71.1222,0.1419,0.1961,0.068,15.8,114.0,5.7831,15.76,0.8893,1.9922,0.1606,9.2436,20.14,3.093,양품
14.6455,-0.0056,97.7778,9.6116,18.0683,-5645.25,68.8556,0.7569,0.1588,0.095,15.73,266.0,5.337,15.74,0.9744,2.008,0.0503,8.3754,16.56,2.723,양품
9.6745,-0.0014,289.6552,14.8178,10.0959,-5447.75,63.2556,0.1419,0.1862,0.127,15.8,371.0,5.585,15.76,0.8893,1.9783,0.0324,9.0998,17.57,3.093,양품
9.8418,-0.0054,68.046,6.0723,11.0525,-5501.0,67.6333,0.7569,0.151,0.083,15.73,158.0,4.8314,15.74,0.9744,1.9903,0.0193,8.3754,16.45,2.723,양품
-5.8682,-0.0065,79.5411,139.5315,140.0426,-4228.0,63.3889,-0.3784,0.1147,0.949,15.74,2844.0,4.7371,15.74,1.021,1.326,,8.755,13.38,3.901,양품
-12.1373,-0.0061,63.8037,9.3111,21.929,-5645.5,65.3556,0.7569,0.0852,0.088,15.73,248.0,6.3078,15.74,0.9744,2.009,,9.043,17.19,2.723,양품
12.8364,-0.0054,81.106,18.9946,23.6219,-5596.5,69.8778,0.7569,0.1007,0.112,15.73,495.0,4.6985,15.74,0.9744,2.0055,0.2355,8.7599,16.74,2.723,양품
9.4982,-0.0045,61.5385,15.8994,15.5478,-5750.0,68.3444,0.2365,0.0468,0.143,15.79,436.0,3.9338,15.75,0.9933,2.0215,0.1431,8.3754,12.96,3.51,양품
2.5827,-0.0061,111.7043,14.6024,15.2296,-5384.25,70.1889,0.1419,0.1519,0.15,15.8,387.0,5.2221,15.76,0.8893,1.9977,0.1309,9.4832,15.51,3.093,불량
15.1073,-0.0065,93.8462,9.2782,3.5298,-5581.0,70.4,0.2365,0.0429,0.12,15.79,241.0,5.0504,15.75,0.9933,2.0133,0.1219,8.3754,15.84,3.51,양품
4.4282,-0.0066,74.1021,64.9078,42.6192,-6063.0,69.3222,0.0,0.1209,0.094,15.77,1636.0,4.5434,15.73,0.9271,1.9905,0.0264,9.4832,14.54,3.18,불량
17.7927,-0.0022,205.5866,16.1069,14.3227,-5508.75,61.3222,0.0,0.0937,0.169,15.77,428.0,6.2823,15.73,0.9271,1.9865,0.2001,9.2405,20.29,3.18,양품
22.7927,-0.0051,147.4201,16.0427,22.9873,-5707.5,63.3778,0.0,0.1177,0.135,15.77,406.0,5.4789,15.73,0.9271,1.9772,0.131,9.0998,16.6,3.18,양품
4.6609,-0.0043,136.0231,135.3981,151.9342,-5073.25,65.5111,0.1419,0.1292,0.875,15.8,3235.0,5.8307,15.76,0.8893,1.3408,0.0711,8.7487,16.91,3.093,양품
26.0509,-0.0029,160.0,18.835,6.9149,-6377.5,65.3111,0.0,0.0604,0.117,15.77,582.0,4.2122,15.73,0.9271,1.8877,0.2147,8.6667,14.74,3.18,양품
17.1673,-0.0022,113.6364,20.8451,6.0341,-5535.25,62.7444,-0.0946,0.1133,0.159,15.83,555.0,6.4075,15.76,1.163,1.998,0.0496,9.2405,17.43,3.987,양품
27.7282,-0.0019,252.6316,18.1054,9.6031,-6425.0,65.8444,-0.0946,0.1307,0.086,15.83,560.0,4.5623,15.76,1.163,1.891,0.026,8.6667,15.44,3.987,양품
-13.1245,-0.0052,126.9231,17.9274,5.0839,-6274.75,67.8222,0.0,0.0478,0.076,15.77,554.0,3.7293,15.73,0.9271,1.8947,,8.6309,12.06,3.18,양품
-10.8745,-0.0043,41.6185,89.525,4.3406,-5529.25,63.3111,0.1419,0.0529,0.067,15.8,2940.0,5.0754,15.76,0.8893,1.9773,,8.8945,17.6,3.093,양품
-13.3573,-0.0059,84.5666,12.3297,5.7145,-5442.25,68.1556,-0.0946,0.0427,0.14,15.83,328.0,5.0243,15.76,1.163,2.0183,,8.6309,15.89,3.987,양품
-2.2809,-0.0052,89.3204,15.9398,6.2935,-6149.25,68.0444,0.0,0.0443,0.079,15.77,498.0,4.1319,15.73,0.9271,1.901,,9.8481,13.37,3.18,양품
4.9745,-0.0062,65.996,21.4403,11.5819,-5664.0,62.7889,0.7569,0.1085,0.151,15.73,553.0,6.13,15.74,0.9744,1.9855,0.1286,9.0998,16.64,2.723,불량
0.3764,-0.0052,69.0647,8.0357,8.6123,-5527.0,69.9333,0.1419,0.0728,0.126,15.8,207.0,5.3784,15.76,0.8893,2.0035,,8.6309,17.93,3.093,양품
27.4136,-0.0048,77.6903,22.3017,7.6261,-5376.25,63.7889,0.0,0.1178,0.17,15.77,577.0,6.987,15.73,0.9271,1.9697,0.0343,9.0998,23.32,3.18,불량
-10.1291,-0.0047,86.7725,231.0546,230.3661,-2595.0,65.5778,0.0946,0.1336,0.944,15.79,3363.0,4.313,15.79,1.021,0.888,,8.8249,15.66,3.742,양품
-11.4709,-0.0037,202.7397,17.8486,5.3814,-6355.25,68.9444,-0.0946,0.0696,0.079,15.83,543.0,5.4805,15.76,1.163,1.8885,,9.8481,16.64,3.987,양품
3.8964,-0.0054,64.9652,23.0699,54.0941,-4592.0,67.8,0.1419,0.1072,0.146,15.66,632.0,4.9096,15.69,0.9318,1.9918,,8.6942,13.94,3.663,양품
12.8982,-0.0047,74.6667,400.0,400.0,-1480.75,61.3333,0.2365,0.1193,0.926,15.79,2438.0,5.4567,15.75,0.9933,0.4385,0.0265,9.2007,17.48,3.51,불량
0.4836,-0.0018,126.8966,9.0412,12.5489,-5753.5,65.5889,0.7569,0.1443,0.12,15.73,248.0,5.4037,15.74,0.9744,1.991,0.1903,8.6324,15.77,2.723,양품
12.3073,-0.0049,123.5443,15.264,5.145,-5345.0,64.1333,0.1419,0.123,0.14,15.8,399.0,5.5162,15.76,0.8893,2.0057,0.0592,9.1502,17.69,3.093,불량
21.7573,-0.0054,171.1628,18.3789,23.23,-7150.25,63.1333,0.1419,0.0445,0.09,15.8,551.0,5.5,15.76,0.8893,1.8827,0.0829,9.094,16.79,3.093,불량
10.0236,-0.0062,60.1626,10.8422,11.0545,-5500.0,66.7,-0.1892,0.0996,0.06,15.72,289.0,5.3995,15.72,1.168,1.999,0.0752,8.5155,17.25,4.147,양품
8.0636,-0.0067,56.7164,13.8762,72.2158,-4781.5,67.7222,-0.1892,0.0815,0.094,15.72,357.0,4.4058,15.72,1.168,2.0265,0.0216,8.872,13.3,4.147,양품
2.0427,-0.0055,101.8182,6.0738,8.2264,-5336.5,63.7556,-0.1892,0.1216,0.098,15.72,161.0,5.3712,15.72,1.168,1.9995,0.0805,9.2362,17.85,4.147,양품
17.4,-0.0046,157.377,11.7603,39.6908,-6112.25,67.4,-0.1419,0.0983,0.184,15.77,313.0,4.9574,15.75,1.172,1.9995,0.0593,8.8287,17.04,4.484,양품
3.28,-0.004,160.4938,21.8612,4.1796,-5646.5,64.7333,-0.1892,0.0899,0.11,15.72,582.0,4.9891,15.72,1.168,1.992,0.0174,8.6324,14.93,4.147,양품
9.2527,-0.006,95.5975,224.1947,227.124,-3345.75,66.5444,-0.1419,0.0766,0.945,15.64,3132.0,3.9714,15.7,1.012,0.885,,8.6942,14.46,3.865,양품
-17.3591,-0.0084,33.383,236.3075,213.753,-2668.5,64.7889,0.0482,0.109,0.935,15.8,3635.0,4.5489,15.76,1.459,0.8855,,8.8249,15.97,4.66,양품
-9.4964,-0.0032,86.8217,19.642,5.8648,-6377.0,64.9,0.0482,0.0579,0.119,15.8,598.0,4.9675,15.76,1.459,1.8818,,9.043,17.23,4.66,양품
-7.9627,-0.0057,124.5614,20.8848,7.8305,-5440.25,65.4444,0.0482,0.0501,0.116,15.8,550.0,3.8465,15.76,1.459,1.9755,,8.8945,11.99,4.66,양품
1.1173,-0.0054,150.8046,18.3683,11.2306,-5485.0,62.8778,0.0482,0.1086,0.155,15.8,470.0,5.8851,15.76,1.459,1.9552,0.0262,9.0998,17.95,4.66,양품
8.3918,-0.0058,68.6695,20.1208,16.9077,-5394.0,67.7333,-0.0946,0.0388,0.184,15.74,558.0,5.9989,15.73,0.8798,1.993,0.0454,8.5155,20.36,2.948,양품
-15.5318,-0.0039,167.2026,15.525,14.4627,-5490.0,63.9889,0.1892,0.0435,0.16,15.71,404.0,5.7133,15.72,1.314,1.9723,,8.8945,15.71,4.518,양품
9.6564,-0.0072,37.5,27.5928,25.2097,-6886.25,62.6778,0.7096,0.096,0.108,15.8,860.0,6.1242,15.72,1.087,1.8895,0.0701,9.219,18.52,2.831,양품
13.7,-0.0065,68.0851,25.823,8.4928,-5487.0,69.9,0.1892,0.097,0.126,15.88,706.0,7.0901,15.84,1.753,2.0057,0.087,8.5218,19.47,4.467,양품
6.5191,-0.0055,70.7483,24.5765,3.4544,-6368.75,67.5667,-0.1892,0.0781,0.112,15.93,769.0,5.1286,15.82,1.39,1.8878,,8.828,16.93,4.782,양품
5.3118,-0.0051,68.6275,21.2179,13.4176,-5619.5,67.4222,-0.1892,0.0675,0.197,15.93,608.0,5.145,15.82,1.39,2.0068,,9.2281,16.75,4.782,양품
7.7745,-0.0047,106.383,23.7414,5.1349,-6329.25,64.0333,-0.1892,0.0875,0.105,15.93,738.0,5.3347,15.82,1.39,1.8982,0.1628,9.2655,16.84,4.782,양품
23.9018,-0.0075,106.136,5.3882,21.2385,-5466.5,69.3778,0.0,0.0934,0.121,15.91,144.0,7.5297,15.88,0.8987,2.02,0.1864,8.8287,23.27,3.024,양품
-0.3327,-0.0035,103.5971,9.654,12.1185,-5561.75,66.5778,0.0946,0.0827,0.09,15.87,263.0,5.1327,15.9,0.8514,2.0177,,8.8513,17.5,2.923,양품
20.7782,-0.0067,81.6327,12.5823,22.8645,-5440.75,69.6111,0.0,0.0939,0.157,15.91,344.0,6.0295,15.88,0.8987,2.0075,0.0312,8.5218,20.08,3.024,양품
24.26,-0.0039,125.2396,55.9798,14.7234,-5426.75,67.6556,0.3784,0.0498,0.117,15.91,1939.0,6.0407,15.88,0.894,1.9875,0.0333,8.5218,17.56,2.969,양품
6.7073,-0.0053,90.9953,22.3482,8.6239,-5635.5,66.2556,0.0946,0.0888,0.127,15.87,611.0,5.4263,15.9,0.8514,2.0032,,8.5266,17.47,2.923,양품
29.7264,-0.0052,65.3846,29.3952,2.8131,-5794.25,68.0,0.0,0.109,0.132,15.91,836.0,6.1614,15.88,0.8987,1.9885,0.0322,9.7484,21.26,3.024,양품
11.4855,-0.0067,62.3377,13.7227,15.4033,-5972.75,68.8111,0.5677,0.084,0.154,15.96,390.0,6.2639,15.94,1.187,1.9815,0.1383,8.5155,19.36,2.992,양품
28.3127,-0.0037,175.3425,7.9775,6.6658,-5550.75,69.9222,0.5677,0.1123,0.097,15.96,220.0,5.9969,15.94,1.187,1.9537,0.0338,8.8287,17.92,2.992,양품
13.7255,-0.0056,92.6503,8.2478,3.6886,-5503.5,66.1222,0.5677,0.0947,0.212,15.96,213.0,4.6523,15.94,1.187,1.9972,0.2234,8.6324,15.91,2.992,양품
18.8673,-0.0066,37.594,21.0155,3.8293,-6345.75,66.2778,0.5677,0.1168,0.135,15.96,626.0,6.6952,15.94,1.187,1.8895,0.0503,9.5642,20.24,2.992,양품
5.5782,-0.0048,75.5906,20.3965,6.9933,-6434.75,70.5333,0.5677,0.1087,0.1,15.96,607.0,6.0111,15.94,1.187,1.9065,0.2104,8.6406,17.71,2.992,양품
25.5282,-0.0067,65.3061,24.936,6.7266,-6511.5,70.9778,0.0,0.0968,0.13,15.91,779.0,5.0178,15.88,0.8987,1.8875,0.0801,9.3998,14.94,3.024,불량
5.9945,-0.0002,0.0,23.2747,6.543,-6403.75,68.1778,1.608,0.0733,0.15,15.83,731.0,6.5219,15.82,1.035,1.8988,,8.8513,19.62,2.942,양품
2.7764,-0.0007,0.0,14.3439,10.1151,-5407.75,68.3222,1.608,0.0712,0.132,15.83,370.0,6.4494,15.82,1.035,2.0082,,8.5266,22.1,2.942,양품
2.6173,-0.0054,68.8372,16.2281,7.3164,-5617.5,69.2,1.608,0.0695,0.109,15.83,444.0,5.068,15.82,1.035,1.995,,8.8513,16.53,2.942,양품
20.8336,-0.0048,98.9474,23.2273,33.2989,-6057.25,69.0667,0.5677,0.0794,0.228,15.96,606.0,5.3134,15.94,1.187,1.9655,0.0769,8.5218,18.26,2.992,불량
27.3,-0.0059,111.3924,23.1701,6.5136,-6448.0,61.7222,0.7569,0.0357,0.125,15.83,732.0,5.4985,15.77,0.9744,1.8935,0.0555,9.3998,16.3,2.632,양품
5.4191,-0.0092,44.3243,24.0254,3.3648,-6508.5,70.9556,0.7569,0.0992,0.117,15.83,718.0,6.3502,15.77,0.9744,1.8973,0.0377,8.6406,20.02,2.632,양품
5.9136,-0.0087,57.4713,17.6995,39.0903,-5771.25,67.6667,0.7569,0.1151,0.095,15.83,442.0,6.8395,15.77,0.9744,1.986,0.0294,9.2281,21.98,2.632,양품
5.3782,-0.0095,34.7826,31.1313,4.858,-6401.75,70.0444,0.7569,0.1105,0.151,15.83,906.0,6.272,15.77,0.9744,1.896,0.1008,8.6406,17.52,2.632,양품
-11.2309,-0.0086,87.2093,108.1197,14.5383,-5076.25,62.5111,0.7569,0.0898,0.097,15.83,3785.0,5.2961,15.77,0.9744,1.984,0.1418,9.2171,15.22,2.632,양품
-1.8473,-0.0049,108.9974,9.7108,10.4748,-5518.0,67.2333,0.0,0.0816,0.139,15.83,251.0,6.1053,15.79,1.002,2.0115,0.0446,8.7879,18.09,2.778,양품
25.43,-0.0067,46.1825,21.6595,7.6722,-6308.5,68.9,0.0,0.0591,0.102,15.83,680.0,5.6444,15.79,1.002,1.893,0.0878,8.8287,17.45,2.778,양품
15.4555,-0.0067,52.4345,5.483,32.4043,-6153.5,67.9667,0.7569,0.0534,0.221,15.83,147.0,5.8376,15.77,0.9744,2.0038,0.0447,8.5155,20.0,2.632,양품
0.7582,-0.0091,61.3699,9.7436,17.381,-5511.75,61.5778,0.7569,0.0917,0.241,15.83,267.0,5.6836,15.77,0.9744,1.9835,0.0413,9.219,18.65,2.632,불량
-12.0473,-0.0055,99.5475,23.127,9.2251,-6417.25,65.1333,0.0,0.0645,0.126,15.83,720.0,8.8849,15.79,1.002,1.894,,8.5177,25.49,2.778,양품
-10.2673,-0.0052,57.4163,26.4648,7.0181,-6483.25,67.5889,0.0,0.076,0.108,15.83,813.0,7.7594,15.79,1.002,1.8878,,8.5177,27.08,2.778,양품
1.1591,-0.0099,56.6372,14.97,7.6695,-6480.25,63.9222,-0.2838,0.0825,0.098,15.82,461.0,5.1284,15.84,1.092,1.8758,0.1884,9.2171,17.9,4.036,양품
-11.8245,-0.0083,49.1018,20.0595,22.0594,-5426.25,62.9889,-0.2838,0.0904,0.195,15.82,556.0,4.6801,15.84,1.092,2.004,0.0817,9.2171,15.0,4.036,불량
8.4236,-0.0042,132.5301,8.3502,5.8124,-5505.5,67.2222,1.608,0.101,0.112,15.83,227.0,5.5239,15.82,1.035,1.9985,0.0402,8.6013,18.57,2.942,불량
18.6045,-0.0061,73.6196,12.8939,14.5761,-5584.5,65.8222,0.0,0.0649,0.058,15.73,355.0,5.3069,15.75,1.04,1.9885,0.024,8.6013,18.02,2.943,양품
8.9764,-0.0035,129.4964,21.928,7.9529,-6375.0,66.8556,0.0,0.137,0.113,15.91,675.0,5.8925,15.88,0.8987,1.893,0.0439,8.6013,20.13,3.024,불량
0.7218,-0.0103,56.1743,4.8489,19.8353,-5465.0,63.4889,-0.5677,0.0841,0.087,15.9,130.0,5.5683,15.84,1.172,2.033,0.0443,9.2171,18.0,4.434,양품
-1.42,-0.0013,400.0,13.4082,61.198,-4970.75,67.7111,0.0,0.038,0.101,15.88,364.0,6.2946,15.85,1.097,1.9963,,9.2281,21.94,3.997,불량
9.2082,-0.0042,149.1124,27.449,19.724,-5181.5,65.6778,0.7569,0.1257,0.087,15.83,835.0,7.1479,15.77,0.9744,2.0023,0.0907,8.6013,19.66,2.632,불량
12.1609,-0.007,60.1073,18.7844,4.8807,-6351.5,68.8222,0.0,0.0908,0.113,15.73,571.0,5.7847,15.75,1.04,1.8893,0.0653,8.6013,19.95,2.943,양품
8.5273,-0.0078,37.299,16.0742,26.6718,-5230.25,69.4333,0.0,0.0858,0.096,15.83,433.0,5.9026,15.79,1.002,1.988,0.0302,8.8287,20.74,2.778,불량
17.1745,-0.0066,46.7043,18.2891,7.8833,-6393.25,67.9,0.0,0.1368,0.142,15.83,558.0,5.081,15.79,1.002,1.8902,0.0776,8.5788,15.75,2.778,불량
5.7855,-0.0072,56.9444,9.2738,17.1767,-5367.75,69.6778,-0.2838,0.0704,0.066,15.82,242.0,6.8729,15.84,1.092,1.9832,0.0203,8.536,21.54,4.036,양품
14.4382,-0.0091,73.5254,21.2196,11.7999,-6356.0,66.2778,-0.4258,0.066,0.115,15.9,649.0,5.2764,15.82,1.191,1.8805,0.2005,8.5952,16.76,4.387,양품
11.6964,-0.0034,143.2836,13.1903,9.7962,-5175.5,69.8333,-0.5677,0.1078,0.104,15.9,332.0,6.0657,15.84,1.172,1.9988,0.0225,8.6527,18.39,4.434,양품
18.0545,-0.0013,439.2157,99.2163,25.641,-4992.0,69.7889,-0.5677,0.0503,0.147,15.9,3418.0,5.2245,15.84,1.172,1.999,0.0435,8.6829,19.09,4.434,양품
20.7055,-0.0097,39.0746,11.9874,26.732,-6834.5,68.5667,-0.4258,0.1038,0.116,15.9,361.0,7.2747,15.82,1.191,1.8952,0.0345,9.1757,20.1,4.387,양품
1.1273,-0.0088,43.3666,19.2943,6.0437,-6353.75,61.0667,-0.5677,0.0939,0.094,15.79,622.0,5.2077,15.83,1.21,1.9037,0.0263,9.2171,17.0,4.425,양품
16.4073,-0.0041,124.3902,24.4918,6.3808,-6425.5,71.7222,-0.5677,0.1274,0.127,15.9,765.0,6.7371,15.84,1.172,1.892,0.0873,8.6829,22.69,4.434,양품
5.4018,-0.0098,94.6565,25.6036,3.5032,-6565.5,70.4444,-0.5677,0.0557,0.12,15.79,745.0,6.1648,15.83,1.21,1.8785,0.0254,8.6406,20.55,4.425,양품
26.8609,-0.0098,43.7659,19.5718,9.5436,-5291.5,66.6889,-0.5677,0.0629,0.22,15.79,537.0,5.689,15.83,1.21,2.0232,0.0211,8.6211,17.33,4.425,양품
23.7709,-0.0115,47.8261,10.4775,7.8243,-5521.25,64.0333,-0.2838,0.459,0.164,15.82,288.0,6.8046,15.84,1.092,2.0152,0.0632,9.2655,19.3,4.036,양품
-0.84,-0.0067,60.0375,20.6908,5.8777,-6346.0,68.4222,-0.5677,0.0929,0.118,15.9,638.0,6.9261,15.84,1.172,1.8978,,8.828,20.01,4.434,양품
25.4264,-0.0076,57.7049,9.7764,24.2819,-5213.75,69.0556,-0.5677,0.049,0.187,15.79,247.0,5.4919,15.83,1.21,2.035,0.2398,8.5155,16.63,4.425,양품
26.6136,-0.0097,45.478,21.1103,4.8493,-6454.5,71.2444,-0.3784,0.1017,0.115,15.92,655.0,5.5287,15.83,1.267,1.8835,0.1802,9.3998,16.3,4.281,양품
-6.5391,-0.0089,33.7079,12.5592,14.6046,-5532.5,69.3778,-0.4258,0.0794,0.047,15.9,338.0,6.6604,15.82,1.191,1.9755,0.0515,8.536,20.06,4.387,양품
0.1518,-0.0107,47.5524,23.5338,43.0095,-5064.0,67.1778,-0.3784,0.0836,0.116,15.92,633.0,8.5149,15.83,1.267,1.996,0.0323,9.5713,25.51,4.281,양품
2.8245,-0.01,36.0,22.5483,5.9775,-6273.5,68.2,-0.4258,0.0712,0.092,15.9,680.0,7.7646,15.82,1.191,1.8878,0.0665,9.5713,30.52,4.387,양품
12.1818,-0.0079,87.8981,23.1498,9.5409,-6267.75,70.1222,-0.5677,0.0895,0.087,15.79,696.0,5.8436,15.83,1.21,1.883,0.0444,8.531,17.81,4.425,양품
19.5609,-0.0074,63.621,24.5752,5.8041,-6426.5,70.5111,-0.4258,0.0879,0.119,15.87,752.0,5.0632,15.85,1.168,1.8797,0.1307,9.4832,16.36,4.304,양품
-1.1609,-0.0094,73.6,16.545,5.1658,-5284.75,68.1556,-0.5677,0.0869,0.116,15.79,459.0,8.134,15.83,1.21,1.9868,0.0328,8.9416,20.6,4.425,양품
18.63,-0.0096,85.8639,19.5384,1.5317,-6267.75,62.9556,-0.4258,0.0739,0.123,15.9,599.0,5.8716,15.82,1.191,1.9053,0.0381,9.2433,19.99,4.387,양품
20.7118,-0.0093,39.8385,21.4977,7.9504,-6452.5,72.9222,-0.3784,0.1056,0.089,15.92,661.0,6.3369,15.83,1.267,1.8895,0.0448,9.4832,18.41,4.281,양품
-11.9682,-0.0105,37.276,9.2161,9.7916,-5423.0,69.3889,-0.3784,0.1016,0.184,15.92,251.0,6.2281,15.83,1.267,1.998,0.0856,8.5218,16.97,4.281,양품
16.8445,-0.0107,57.9439,18.0127,6.8726,-6198.5,63.9778,-0.9934,0.0631,0.106,15.89,576.0,5.6722,15.85,1.267,1.916,0.0825,9.2655,17.0,4.557,양품
14.0382,-0.0084,30.9524,91.8052,9.9982,-5711.0,66.5444,-0.3784,0.111,0.086,15.92,3190.0,7.6137,15.83,1.267,2.0155,0.0292,8.5952,19.85,4.281,양품
28.4009,-0.0104,41.4458,26.1953,62.7132,-5657.5,63.7778,-0.5677,0.0743,0.14,15.79,815.0,6.6127,15.83,1.21,1.886,0.0354,9.5642,19.74,4.425,양품
22.1827,-0.008,64.7975,12.2269,13.6479,-6528.5,68.2,-0.9934,0.1308,0.102,15.89,375.0,5.2143,15.85,1.267,1.8877,0.0262,8.5405,18.09,4.557,양품
9.1882,-0.0086,45.152,18.6216,5.422,-6363.0,63.0556,-0.3784,0.0518,0.136,15.92,562.0,6.9848,15.83,1.267,1.8893,0.0202,9.5642,20.73,4.281,양품
1.5018,-0.0075,61.4357,22.6258,4.6099,-6334.25,67.4556,-0.9934,0.0854,0.091,15.89,707.0,6.0561,15.85,1.267,1.8987,0.061,9.5713,21.94,4.557,양품
16.0155,-0.0081,54.0707,20.8464,8.1471,-6431.75,68.1556,-0.9934,0.0863,0.135,15.89,617.0,6.3346,15.85,1.267,1.8763,0.0431,9.4043,21.03,4.557,불량
2.5027,-0.0095,32.7177,45.9308,17.024,-5410.0,67.4222,-0.9934,0.0707,0.094,15.89,1109.0,6.7768,15.85,1.267,1.9998,0.0292,9.5713,21.04,4.557,양품
87.0391,-0.0084,59.4354,21.9709,14.672,-5677.5,68.0444,-0.3784,0.0455,0.101,15.92,578.0,5.4855,15.83,1.267,2.0337,0.0585,9.1757,15.65,4.281,양품
0.7591,-0.0062,56.6802,13.4561,18.2098,-5848.5,69.9222,-0.3784,0.0769,0.134,15.92,358.0,5.9401,15.83,1.267,2.0257,,8.828,18.14,4.281,양품
9.8782,-0.0077,60.8414,19.2917,24.2941,-5392.25,66.6889,-0.9934,0.0853,0.146,15.89,527.0,5.2386,15.85,1.267,2.0088,0.0236,8.6211,17.64,4.557,불량
15.6791,-0.0101,40.4938,19.6988,8.2198,-6350.5,68.5444,-0.0473,0.0572,0.124,15.82,605.0,6.4183,15.82,1.366,1.9058,0.0455,8.5788,19.93,4.501,양품
16.2418,-0.0071,43.739,12.9444,6.0372,-6277.75,67.5222,0.4258,0.114,0.09,15.85,406.0,5.2618,15.8,1.149,1.9095,0.0429,8.5788,14.75,4.631,양품
10.3745,-0.0088,35.378,6.4432,16.2686,-5421.5,63.4111,-0.0473,0.0519,0.087,15.82,173.0,6.1148,15.82,1.366,2.0107,0.2984,9.2655,21.49,4.501,양품
2.5045,-0.0084,71.3224,17.5311,95.5659,-5316.75,68.4111,-0.0473,0.0915,0.082,15.82,469.0,5.9336,15.82,1.366,1.9845,0.0563,8.9416,18.79,4.501,양품
24.14,-0.0096,32.2078,31.7662,16.0046,-5242.25,67.1444,0.4258,0.0604,0.199,15.85,826.0,5.2159,15.8,1.149,2.0135,0.0385,9.1757,17.46,4.631,불량
23.7109,-0.0105,56.9395,4.2282,12.3794,-5751.5,68.1444,-0.0946,0.0738,0.145,15.85,111.0,5.4707,15.82,1.569,1.9952,0.0381,8.872,18.78,4.21,양품
5.78,-0.0112,39.3296,20.0643,2.7555,-6459.75,69.4222,0.0,0.1037,0.099,15.9,593.0,5.3361,15.82,1.154,1.9085,0.2529,8.6406,15.98,4.461,양품
-0.18,-0.0122,48.3112,15.9312,10.7352,-5328.25,63.9111,0.0,0.1165,0.156,15.9,426.0,7.9306,15.82,1.154,2.0165,0.0246,9.219,24.74,4.461,양품
-8.6082,-0.0104,41.3959,16.0606,5.1379,-6345.0,63.3444,-0.0946,0.0931,0.08,15.85,509.0,5.2263,15.82,1.569,1.9065,0.049,9.2171,15.67,4.21,양품
22.7173,-0.0096,23.8651,16.7581,11.9749,-5302.75,65.2556,0.0,0.0715,0.222,15.9,420.0,6.2124,15.82,1.154,1.993,0.0412,8.7879,20.7,4.461,양품
20.0236,-0.0096,51.2418,12.7757,8.1101,-5413.0,69.6889,-0.0946,0.0734,0.165,15.85,349.0,4.7587,15.82,1.569,2.0245,0.0364,8.872,16.02,4.21,양품
17.9782,-0.0089,57.0629,19.9763,17.195,-5228.25,66.2556,0.5204,0.0726,0.203,15.84,549.0,5.0783,15.85,1.177,2.0128,0.0328,8.5218,15.63,4.422,양품
17.7327,-0.0079,23.9748,18.8128,7.2129,-6322.0,66.1111,-0.0946,0.1265,0.111,15.85,580.0,6.0165,15.82,1.569,1.898,0.0401,8.6324,20.02,4.21,양품
1.3718,-0.0093,62.0321,18.0345,9.0786,-6278.5,63.6111,0.4258,0.0463,0.082,15.85,573.0,5.3321,15.8,1.149,1.8873,0.0743,9.2655,17.14,4.631,불량
2.0373,-0.0058,87.7419,26.2564,9.5529,-5485.25,69.8444,-0.0946,0.1236,0.136,15.85,704.0,7.4826,15.82,1.569,1.98,0.0623,8.6527,26.59,4.21,양품
1.4218,-0.0083,41.0876,31.0626,21.5878,-5429.0,67.6222,-0.5204,0.0887,0.177,15.87,839.0,7.5351,15.82,1.078,2.018,0.2045,9.1757,22.75,4.232,양품
22.4382,-0.0086,48.8372,15.8521,4.5093,-5278.0,68.3222,0.4258,0.0606,0.161,15.85,416.0,6.1843,15.8,1.149,2.002,0.0259,8.5218,20.57,4.631,불량
14.9018,-0.0075,34.6667,13.9134,7.7962,-5143.5,63.8889,-0.5204,0.061,0.087,15.87,371.0,5.925,15.82,1.078,1.9975,0.1183,9.5642,22.19,4.232,양품
4.4391,-0.0128,34.375,15.6413,3.3777,-6483.75,69.6778,0.0,0.1079,0.083,15.9,464.0,6.711,15.82,1.154,1.8942,0.038,8.6406,24.25,4.461,양품
-15.31,-0.0051,38.9294,25.118,5.6951,-6338.75,59.9889,-0.5677,0.0819,0.138,15.9,785.0,6.9933,15.84,1.172,1.8965,,9.2328,23.52,4.434,양품
27.3227,-0.0083,34.7826,35.4671,26.3203,-5486.25,66.0667,-0.5204,0.0749,0.123,15.87,1007.0,7.3823,15.82,1.078,1.994,0.0519,9.7484,23.46,4.232,양품
2.78,-0.0069,32.1168,17.1175,4.425,-6463.25,67.4333,,0.0725,0.091,,530.0,7.006,,,1.8912,,9.2291,23.34,,양품
18.1782,-0.0109,38.4,12.7748,13.3741,-5398.5,63.4,1.608,0.0479,0.105,15.83,337.0,5.612,15.82,1.035,2.039,0.0516,9.219,17.91,2.942,양품
22.3736,-0.0084,69.9259,21.2413,6.927,-6294.25,66.7111,1.419,0.082,0.123,15.8,640.0,4.8209,15.77,1.068,1.8905,0.0744,8.5405,14.33,2.824,양품
24.4791,-0.0074,71.7428,16.0376,4.7492,-6380.0,62.7,1.419,0.0517,0.116,15.8,495.0,5.8192,15.77,1.068,1.9027,0.0555,9.2433,19.13,2.824,양품
20.7209,-0.0084,63.3782,23.1568,9.9919,-6205.0,65.0,1.419,0.1896,0.132,15.8,691.0,6.0915,15.77,1.068,1.8885,0.0217,8.6211,21.38,2.824,양품
6.2045,-0.003,136.0996,19.5021,38.8565,-6349.0,68.2,1.419,0.1015,0.187,15.8,566.0,5.8126,15.77,1.068,2.0055,0.237,8.5459,17.55,2.824,양품
6.9082,-0.0077,62.3377,20.6772,5.6916,-6237.25,70.4556,1.419,0.0537,0.111,15.8,632.0,5.71,15.77,1.068,1.8985,0.0351,8.872,19.11,2.824,양품
23.2655,-0.0075,75.6219,5.8134,17.6329,-5523.75,66.2444,1.419,0.0956,0.059,15.8,145.0,5.4597,15.77,1.068,1.997,0.0457,8.7879,18.51,2.824,양품
-7.8309,-0.0097,64.2487,4.3967,20.4134,-5418.0,68.5444,1.419,0.0746,0.092,15.8,127.0,7.1979,15.77,1.068,1.9828,0.1198,8.5952,20.88,2.824,양품
0.5373,-0.0094,36.0265,22.0515,7.0399,-5255.75,66.2667,1.419,0.0696,0.086,15.8,567.0,3.7388,15.77,1.068,2.0223,0.1903,8.536,10.55,2.824,양품
3.1136,-0.0094,50.0,24.0866,8.0859,-6406.25,66.4444,0.5204,0.0989,0.14,15.84,740.0,6.8944,15.85,1.177,1.8885,0.0344,8.5405,25.45,4.422,양품
25.1891,-0.0105,45.8781,19.6007,6.9053,-6314.0,64.9667,-0.5204,0.0818,0.132,15.87,589.0,4.8892,15.82,1.078,1.8807,0.0574,8.6211,13.89,4.232,양품
1.23,-0.005,97.5124,16.937,13.5596,-5745.0,69.9556,0.2838,0.1527,0.249,15.92,462.0,5.7926,15.85,1.456,1.969,0.2246,8.6829,20.61,4.325,양품
13.5955,-0.01,57.2146,24.8201,6.1206,-6470.0,68.9444,0.8042,0.0822,0.111,15.88,750.0,5.889,15.82,1.38,1.8868,0.0516,9.7484,19.38,4.317,양품
-2.9273,-0.0093,38.5542,19.142,34.5793,-5324.0,69.4,0.8042,0.2329,0.156,15.88,570.0,4.9208,15.82,1.38,2.0208,0.0479,8.9416,15.19,4.317,양품
13.3745,-0.0086,59.4752,6.4038,10.831,-5613.5,69.4556,0.8042,0.2339,0.18,15.88,175.0,6.003,15.82,1.38,1.9855,0.2332,9.1757,20.6,4.317,양품
27.4627,-0.01,36.8618,21.9603,7.6993,-6312.25,72.8222,0.8042,0.2177,0.112,15.88,680.0,5.8049,15.82,1.38,1.8965,0.0315,9.3998,18.89,4.317,양품
4.9991,-0.0046,109.2896,16.0628,13.5768,-5516.75,68.1444,,0.0789,0.13,,450.0,5.9614,,,1.9828,,9.0622,19.02,,양품
1.9145,-0.0029,184.3478,29.3821,8.9998,-5411.25,69.7778,0.0,0.1354,0.064,15.9,787.0,6.9949,15.82,1.154,1.9995,,8.8513,23.59,4.461,양품
9.5927,-0.0072,52.4138,9.9445,9.7228,-5194.0,68.2556,-0.4258,0.1092,0.118,15.85,251.0,7.0251,15.82,1.418,2.005,0.3021,8.9416,18.51,4.394,양품
1.8182,-0.0068,39.7059,15.8639,10.1528,-5742.25,66.3778,-0.5204,0.0797,0.132,15.87,429.0,5.5382,15.82,1.078,2.0143,,8.5266,19.38,4.232,양품
22.6936,-0.0083,65.1584,21.0805,8.2354,-6253.5,69.9333,0.5204,0.2285,0.122,15.75,638.0,5.3561,15.74,1.002,1.8887,0.0252,8.531,16.97,3.263,양품
19.1027,-0.0083,26.546,14.4741,25.2251,-5387.5,66.9778,0.5204,0.2,0.089,15.75,387.0,4.2466,15.74,1.002,1.9928,0.0248,9.7484,12.16,3.263,불량
3.3055,-0.0085,50.6627,102.5028,6.3024,-5394.75,68.5889,-0.4258,0.1726,0.078,15.85,3645.0,6.0876,15.82,1.418,2.043,0.0337,8.9416,19.56,4.394,양품
13.6809,-0.0088,74.7875,21.0526,13.5307,-5033.0,66.4556,0.5204,0.0903,0.063,15.75,505.0,7.4121,15.74,1.002,1.98,0.2817,8.6211,20.88,3.263,불량
26.9136,-0.0089,70.4895,20.3357,3.9035,-6404.5,71.9778,0.5204,0.0672,0.129,15.75,624.0,6.5545,15.74,1.002,1.889,0.0456,9.4832,21.96,3.263,양품
0.1427,-0.0062,82.5911,20.9701,19.1947,-5407.75,69.2778,0.4258,0.1164,0.152,15.67,535.0,4.5201,15.84,1.39,1.9992,0.0486,8.9546,15.16,4.429,양품
14.75,-0.0081,105.4264,24.1933,9.2019,-6390.0,68.2333,-0.2838,0.0895,0.136,15.82,716.0,6.106,15.84,1.092,1.8872,0.0438,8.531,19.66,4.036,불량
8.0955,-0.0106,33.8425,20.6249,5.1224,-6383.75,67.4667,0.5204,0.2812,0.129,15.75,632.0,5.9448,15.74,1.002,1.8925,0.0916,9.5713,19.88,3.263,불량
0.8873,-0.005,60.3015,27.1186,14.5842,-6280.75,70.0778,0.8042,0.2191,0.131,15.88,816.0,6.7706,15.82,1.38,1.8598,,8.4092,23.01,4.317,양품
1.77,-0.0092,53.406,18.0652,35.4181,-5624.25,69.1333,0.2838,0.1252,0.048,15.82,486.0,5.6249,15.46,1.314,2.003,0.0264,8.7219,18.06,4.465,양품
21.1082,-0.01,47.9401,24.5947,10.5805,-6266.25,66.4,0.0,0.2517,0.128,15.73,751.0,6.6207,15.72,1.12,1.8815,0.0562,8.6211,22.59,3.084,양품
4.6327,-0.0122,34.4615,21.0344,6.2346,-5469.5,69.3222,-0.0473,0.2909,0.173,15.88,547.0,5.6047,15.82,1.239,1.9905,,8.5266,18.7,4.264,양품
10.7709,-0.0101,43.4568,15.0999,7.2122,-6308.75,65.5889,-0.4258,0.1872,0.136,15.85,461.0,5.4104,15.82,1.418,1.881,0.1817,8.5405,18.36,4.394,양품
4.4155,-0.0081,30.6748,18.3874,8.4747,-6395.5,70.5667,0.0473,0.1238,0.108,15.77,561.0,6.9078,15.73,1.399,1.895,,8.828,25.64,2.88,양품
4.4091,-0.007,71.1744,18.2542,8.0616,-6326.25,67.2667,0.0,0.0448,0.102,15.73,562.0,5.9585,15.72,1.12,1.8962,0.0557,8.531,21.24,3.084,양품
-10.37,-0.0117,44.3497,13.9212,3.7428,-6439.0,68.4333,-0.0473,0.1859,0.072,15.88,416.0,5.9763,15.82,1.239,1.8685,,8.5177,18.21,4.264,양품
5.8091,-0.0086,48.6957,,,,,-0.0946,0.1221,,15.85,,5.3249,15.82,1.569,,0.0305,8.7879,16.76,4.21,불량
2.0664,-0.0092,41.3605,21.2818,5.7469,-6316.5,69.9778,0.2838,0.1065,0.149,15.82,650.0,5.7407,15.46,1.314,1.907,0.0185,8.8505,20.8,4.465,양품
-0.2173,-0.014,47.8571,23.1536,10.6203,-6214.5,68.6556,0.2838,0.106,0.166,15.82,703.0,5.4296,15.46,1.314,1.8953,0.023,8.8505,20.58,4.465,양품
4.97,-0.0125,73.0924,21.6407,12.1169,-6330.0,69.4778,0.2838,0.1311,0.109,15.82,674.0,5.067,15.46,1.314,1.8962,0.0222,8.8505,17.46,4.465,양품
1.4036,-0.0058,84.1202,21.8915,7.2935,-6224.75,68.8444,0.8042,0.0771,0.128,15.88,662.0,6.5322,15.82,1.38,1.898,,8.4092,20.59,4.317,양품
2.9536,-0.0108,18.6047,5.8268,17.0777,-5504.25,69.7111,0.0473,0.0857,0.068,15.77,162.0,5.4449,15.73,1.399,2.011,0.0197,8.3754,18.0,2.88,양품
-0.5691,-0.0072,76.6551,22.7615,6.1836,-6420.25,68.7667,0.6623,0.0521,0.135,15.73,687.0,8.067,15.7,0.9271,1.8688,,9.2291,22.38,3.063,양품
5.8727,-0.0067,97.0149,24.5245,9.2633,-5300.5,67.7444,0.2838,0.0791,0.336,15.92,677.0,6.397,15.85,1.456,1.998,,8.5266,20.68,4.325,양품
14.0673,-0.0108,23.2288,10.574,35.8872,-6124.75,66.3556,0.0,0.1735,0.091,15.73,280.0,8.3024,15.72,1.12,2.009,0.1727,8.5952,20.61,3.084,불량
-5.6018,-0.0026,247.343,10.3137,8.6358,-5558.25,66.9222,0.0,0.1124,0.118,15.73,286.0,5.5076,15.72,1.12,1.9945,0.1873,8.3324,17.2,3.084,양품
2.0009,-0.0099,59.596,19.741,58.9166,-5750.5,69.7778,-0.2365,0.1533,0.113,15.87,606.0,6.296,15.8,1.319,1.8967,0.0219,8.7219,21.76,4.23,양품
20.81,-0.0107,37.4269,12.0748,12.5854,-5307.75,66.0222,0.0,0.085,0.135,15.73,323.0,5.1212,15.72,1.12,1.9943,0.4914,8.6324,15.11,3.084,양품
-5.9045,-0.0119,11.8019,19.8547,5.9054,-6367.0,67.3667,0.2838,0.0859,0.099,15.92,608.0,5.0939,15.85,1.456,1.9023,,9.2291,14.29,4.325,양품
-0.3264,-0.0126,19.802,105.9627,12.7186,-5433.0,63.8111,0.0,0.189,0.081,15.73,3803.0,6.6857,15.72,1.12,1.9888,,9.5689,22.51,3.084,양품
4.3055,-0.0036,112.7148,15.8192,12.3869,-5635.0,65.5556,0.2838,0.1341,0.058,15.92,434.0,5.8235,15.85,1.456,2.0017,,8.8513,20.02,4.325,양품
5.0809,-0.0084,53.4918,28.5977,12.8674,-5222.5,66.8889,0.2365,0.1677,0.143,15.85,699.0,5.876,15.79,1.064,2.0017,0.0666,9.7484,17.47,4.184,불량
6.3364,-0.0119,22.6415,15.6806,3.0901,-6310.5,70.1778,0.8042,0.2459,0.091,15.88,485.0,5.2134,15.82,1.38,1.9007,,8.8513,15.02,4.317,양품
3.1418,-0.0103,70.8738,15.1419,4.7503,-6378.5,67.5222,0.4258,0.2191,0.084,15.67,475.0,7.3221,15.84,1.39,1.9005,,9.2291,23.67,4.429,양품
22.1027,-0.0095,60.0791,20.0533,9.092,-6401.25,71.0,0.2365,0.1576,0.133,15.85,621.0,5.8781,15.79,1.064,1.889,0.0385,9.4832,20.2,4.184,양품
-0.8891,-0.0129,44.9612,25.1593,12.1715,-5307.5,67.9111,-0.2365,0.1268,0.135,15.87,681.0,6.7978,15.8,1.319,2.04,,9.0859,20.75,4.23,양품
-6.8555,-0.0121,22.268,7.5276,17.2001,-5436.0,60.1111,0.6623,0.0468,0.095,15.73,196.0,6.0995,15.7,0.9271,2.0187,,9.2328,21.77,3.063,양품
2.1473,-0.0123,49.6945,14.145,6.5601,-5487.75,59.8889,0.6623,0.101,0.152,15.73,377.0,8.0235,15.7,0.9271,2.015,,9.2328,23.13,3.063,양품
-8.4836,-0.005,57.4257,17.3027,7.4199,-6374.75,67.7,0.2838,0.0596,0.093,15.92,535.0,6.6714,15.85,1.456,1.8753,,8.5177,21.92,4.325,양품
3.9382,-0.0063,94.6746,21.4068,6.3806,-6363.0,67.2,0.0,0.1185,0.08,15.73,633.0,4.6687,15.72,1.12,1.8873,,8.4092,13.37,3.084,양품
-0.2618,-0.0079,88.8889,19.5529,29.5389,-5227.0,68.1667,0.8042,0.0889,0.089,15.88,527.0,5.9945,15.82,1.38,1.977,,9.0622,19.89,4.317,양품
-2.7936,-0.0104,20.1198,17.5603,2.7719,-6457.75,68.5778,0.0,0.2236,0.099,15.73,542.0,7.9424,15.72,1.12,1.9047,,9.2291,24.96,3.084,양품
9.8518,-0.0038,114.2857,47.127,18.1472,-5775.0,70.0556,0.0473,0.1051,0.135,15.77,1423.0,5.8239,15.73,1.399,1.9938,0.4599,8.6829,20.21,2.88,양품
3.8936,-0.0126,72.8713,21.9344,8.6725,-6295.75,67.4,0.2365,0.1978,0.101,15.85,669.0,5.0725,15.79,1.064,1.898,0.0555,8.8505,15.77,4.184,양품
-5.9236,-0.01,58.0726,30.9975,12.6898,-5319.25,67.3222,0.7569,0.1635,0.186,15.77,752.0,4.7226,15.78,1.182,2.0097,0.1096,8.5952,15.27,4.269,양품
4.0991,-0.0132,27.9509,20.4066,13.7581,-5415.0,66.0111,-0.2838,0.1136,0.116,15.84,537.0,6.4426,15.81,1.191,2.0065,0.0182,9.396,18.7,4.329,양품
6.3436,-0.013,54.6154,8.2785,17.1011,-5467.5,68.8778,0.4258,0.2791,0.056,15.67,217.0,4.8829,15.84,1.39,1.9903,,8.5266,15.03,4.429,양품
0.31,-0.009,62.0499,30.8181,7.953,-6261.75,69.1,0.7569,0.3685,0.191,15.77,921.0,13.0958,15.78,1.182,1.8723,0.151,9.4043,48.67,4.269,양품
28.5145,-0.0086,51.1628,16.1916,4.5984,-6393.5,65.9111,0.2365,0.1774,0.056,15.85,507.0,5.7813,15.79,1.064,1.8758,0.114,9.3998,18.67,4.184,불량
4.0209,-0.0111,27.991,18.4059,14.1817,-5493.0,69.3556,-0.2365,0.1514,0.167,15.87,478.0,6.7984,15.8,1.319,1.9962,,8.5266,22.48,4.23,양품
3.2182,-0.0063,87.4751,20.3436,7.5752,-6270.5,67.7667,0.4258,0.1729,0.084,15.67,598.0,5.3185,15.84,1.39,1.8855,,8.4092,15.14,4.429,양품
14.3891,-0.0105,45.6599,23.8296,10.7352,-6362.25,65.4889,0.0473,0.1153,0.109,15.77,733.0,5.1885,15.73,1.399,1.8798,0.0528,9.5642,16.77,2.88,양품
6.2455,-0.0085,57.732,29.6164,2.4498,-6408.75,67.4111,0.2365,0.1142,0.131,15.85,915.0,4.9057,15.79,1.064,1.8923,0.0583,8.8384,14.46,4.184,양품
3.7982,-0.005,83.3747,11.9555,4.3945,-5120.0,71.2,0.2838,0.1251,0.152,15.92,317.0,6.2071,15.85,1.456,1.9497,,9.1855,20.55,4.325,불량
-1.9555,-0.0059,114.5263,25.6141,6.7558,-6453.75,70.1889,-0.2365,0.0592,0.137,15.87,769.0,6.114,15.8,1.319,1.8745,,9.9964,17.59,4.23,양품
-10.6036,-0.0089,56.4972,21.602,5.7007,-6402.75,65.5,0.2838,0.0736,0.108,15.82,656.0,6.4455,15.46,1.314,1.8855,0.051,8.5405,16.82,4.465,양품
3.88,-0.01,58.7065,29.0252,10.16,-6279.5,67.0667,0.7569,0.1359,0.108,15.77,900.0,5.9837,15.78,1.182,1.8885,0.0477,8.8505,17.51,4.269,양품
5.7945,-0.0055,104.3478,10.8129,12.5655,-5435.5,68.2889,0.0,0.0563,0.162,15.73,285.0,6.0564,15.72,1.12,2.001,,9.0695,15.85,3.084,양품
0.8018,-0.0122,41.8462,16.8996,7.4039,-6253.5,70.4,0.0,0.255,0.095,15.73,517.0,6.8803,15.72,1.12,1.8932,,8.4092,24.98,3.084,양품
10.8955,-0.0094,62.6826,17.6087,4.7732,-5593.75,67.2111,0.7569,0.1247,0.133,15.77,500.0,5.2501,15.78,1.182,2.0122,0.0465,8.872,17.83,4.269,양품
15.2791,-0.0096,64.9215,32.1959,11.6069,-5384.75,67.5889,0.7569,0.1302,0.212,15.77,960.0,5.3828,15.78,1.182,1.9805,0.25,9.1757,20.38,4.269,양품
18.7173,-0.0087,64.0,25.7718,26.4208,-6915.0,65.5444,-0.2838,0.0519,0.137,15.84,791.0,5.5977,15.81,1.191,1.8777,0.1308,8.5788,16.87,4.329,양품
3.3955,-0.0116,57.8209,10.4893,26.7557,-5468.0,67.6333,-0.0473,0.0589,0.143,15.75,291.0,6.6343,15.77,1.239,2.0118,0.02,8.6915,23.64,4.348,양품
0.1227,-0.0093,51.4745,18.7552,3.27,-6391.5,67.6444,0.2365,0.1061,0.089,15.85,568.0,5.6683,15.79,1.064,1.8932,0.0394,9.5713,20.82,4.184,양품
3.5336,-0.0099,68.8608,6.6783,27.1012,-5047.75,68.0444,0.7569,0.1729,0.085,15.77,172.0,5.2265,15.78,1.182,1.9925,0.2228,8.9416,17.35,4.269,양품
-5.3355,-0.0093,74.3935,110.4842,5.837,-5448.0,70.2,-0.0473,0.1459,0.12,15.75,3936.0,4.4363,15.77,1.239,1.9965,0.0596,8.536,13.79,4.348,양품
1.4355,-0.0095,40.8912,13.8422,26.7922,-5046.25,67.1111,0.7569,0.15,0.111,15.77,360.0,4.4244,15.78,1.182,1.9867,0.1206,8.9416,14.02,4.269,양품
7.3918,-0.0074,53.9629,16.381,73.0773,-4778.5,69.1111,-0.2838,0.1089,0.152,15.84,473.0,6.5451,15.81,1.191,1.9885,0.0175,9.4043,18.44,4.329,양품
4.8018,-0.0092,29.3878,16.9464,15.8858,-6408.25,67.8778,-0.2838,0.1101,0.097,15.84,515.0,5.5481,15.81,1.191,1.8908,0.0189,8.5952,15.31,4.329,양품
-7.4155,-0.0111,39.5506,40.6247,30.8075,-5631.75,69.1222,0.4258,0.0606,0.113,15.67,1099.0,4.5221,15.84,1.39,2.0112,0.047,9.4043,14.0,4.429,양품
0.0945,-0.0063,48.0,20.1779,29.2418,-6894.25,69.3111,-0.2838,0.098,0.136,15.76,618.0,8.6585,15.73,1.347,1.8998,0.0274,8.5232,25.15,4.409,양품
8.9073,-0.0078,35.7827,13.4776,30.9354,-6203.25,66.6556,-0.2838,0.0878,0.07,15.76,383.0,5.6626,15.73,1.347,2.0083,0.1761,8.6527,16.35,4.409,양품
5.0473,-0.0096,48.1046,8.6343,4.8078,-4929.5,70.6444,0.4258,0.177,0.066,15.67,214.0,5.2693,15.84,1.39,1.9483,,9.1855,13.65,4.429,불량
26.1536,-0.0075,45.2579,21.0728,3.9038,-6250.25,64.7222,-0.2838,0.1234,0.107,15.84,661.0,5.4333,15.81,1.191,1.9108,0.0202,9.2655,16.15,4.329,양품
-2.9973,-0.007,51.3369,22.5981,2.4757,-6382.0,69.6889,-0.2365,0.09,0.13,15.87,698.0,6.4365,15.8,1.319,1.8867,,8.828,19.6,4.23,양품
-5.6473,-0.0119,26.8344,108.4455,15.2109,-5226.5,68.3,0.2365,0.1026,0.211,15.85,3727.0,7.0767,15.79,1.064,2.0223,0.0455,8.536,20.47,4.184,양품
-1.2182,-0.0064,54.3689,17.6332,5.5835,-6411.75,69.0111,-0.2365,0.116,0.082,15.87,542.0,6.9059,15.8,1.319,1.8767,,9.9964,24.47,4.23,양품
1.2264,-0.0124,55.0607,19.1794,14.7795,-5453.5,68.1889,-0.2838,0.0943,0.099,15.76,513.0,5.0676,15.73,1.347,2.0213,0.0134,9.7324,18.31,4.409,양품
2.8355,-0.0107,52.3977,16.6528,10.2817,-6487.25,68.5556,-0.2838,0.168,0.1,15.84,499.0,6.2468,15.81,1.191,1.8855,0.0803,9.4043,17.72,4.329,양품
5.9073,-0.0047,85.7909,21.7652,5.6458,-6465.0,68.3333,-0.0473,0.1013,0.095,15.75,672.0,5.2126,15.77,1.239,1.8933,0.0242,9.3335,18.78,4.348,양품
4.5027,-0.0057,54.0305,12.1741,11.0531,-5220.25,67.6778,-0.2838,0.1097,0.074,15.76,314.0,4.6676,15.73,1.347,2.0088,0.0142,8.6013,14.05,4.409,양품
3.2591,-0.012,49.3724,23.0066,5.9216,-6400.25,65.6889,-0.0473,0.0908,0.125,15.75,717.0,5.0992,15.77,1.239,1.898,0.0149,8.5232,16.74,4.348,양품
4.1509,-0.0044,122.7273,19.8045,8.1915,-5566.75,67.0556,0.2365,0.0878,0.223,15.85,542.0,6.7113,15.79,1.064,2.006,,9.0622,19.32,4.184,양품
4.4564,-0.0113,59.3577,8.6591,3.5365,-5655.25,67.1889,-0.0473,0.1283,0.078,15.75,237.0,7.3424,15.77,1.239,1.9845,0.0244,8.5232,22.96,4.348,양품
0.4591,-0.0052,86.9565,20.9111,5.045,-6501.5,67.7667,-0.2838,0.1327,0.07,15.84,622.0,6.0629,15.81,1.191,1.8662,,8.5177,18.08,4.329,양품
-1.0773,-0.0106,19.8582,12.1455,4.4419,-5583.25,60.0667,-0.2838,0.1356,0.097,15.84,318.0,5.0991,15.81,1.191,2.001,,9.2328,17.22,4.329,양품
10.9955,-0.0077,64.6204,17.3601,14.0061,-5633.25,67.4889,-0.0473,0.0993,0.079,15.75,483.0,5.4651,15.77,1.239,2.008,0.0334,8.6013,18.21,4.348,불량
2.0064,-0.0144,20.8514,20.9449,4.3817,-6572.75,67.0889,-0.2365,0.0499,0.105,15.85,655.0,7.6674,15.87,1.035,1.882,0.0182,9.396,25.66,3.165,양품
18.4,-0.0101,26.7658,20.494,5.1666,-6271.0,67.8889,0.2365,0.1087,0.139,15.85,614.0,5.9202,15.79,1.064,1.9018,0.0271,8.5405,17.03,4.184,양품
0.3036,-0.0136,46.9294,18.305,6.8855,-6259.5,68.9444,-0.2838,0.0612,0.074,15.76,574.0,7.2296,15.73,1.347,1.896,,8.8513,21.18,4.409,양품
22.7636,-0.0081,35.5828,21.8698,5.3597,-6418.25,65.5778,-0.2838,0.1515,0.147,15.84,624.0,6.2893,15.81,1.191,1.85,0.0245,8.7879,21.61,4.329,양품
6.1527,-0.0129,54.8792,16.609,12.283,-5487.25,68.6111,-0.2365,0.0639,0.054,15.85,444.0,5.7298,15.87,1.035,2.0015,0.0284,8.6915,19.39,3.165,양품
20.2627,-0.0083,41.9162,16.5684,4.7433,-6282.5,67.3667,0.2365,0.2285,0.102,15.85,499.0,6.5968,15.79,1.064,1.888,0.0395,8.5405,19.08,4.184,양품
-3.09,-0.0131,46.5649,9.5366,14.6718,-5595.75,67.2444,-0.2838,0.0745,0.056,15.84,266.0,6.9241,15.81,1.191,1.9627,0.0129,8.536,21.09,4.329,양품
1.9855,-0.0122,39.3443,13.6183,4.6731,-5349.75,68.3889,-0.2365,0.0618,0.102,15.85,360.0,6.5415,15.87,1.035,2.0025,0.0237,8.659,21.48,3.165,양품
8.3018,-0.0098,37.8517,15.5153,7.8535,-5679.0,68.1778,-0.2365,0.0522,0.126,15.85,420.0,5.0896,15.87,1.035,2.022,0.0287,8.6915,15.9,3.165,양품
2.9964,-0.0113,51.4412,22.8401,6.4038,-6449.25,59.4,-0.0473,0.0492,0.127,15.75,688.0,6.3363,15.77,1.239,1.8815,,9.2328,17.33,4.348,양품
4.5645,-0.0072,64.1115,11.6859,17.4231,-5469.75,66.3,-0.2365,0.1969,0.083,15.85,301.0,5.5445,15.87,1.035,1.974,0.053,8.5232,15.8,3.165,양품
1.14,-0.0131,58.891,12.2858,13.0327,-5532.25,67.2778,-0.2365,0.0509,0.09,15.85,337.0,5.426,15.87,1.035,1.9812,0.0205,8.6439,18.21,3.165,양품
8.8173,-0.0077,62.439,21.8493,4.1344,-6554.75,69.6222,0.7096,0.0746,0.096,15.84,625.0,6.1079,15.87,1.191,1.8817,0.033,8.7851,21.75,3.004,양품
2.4345,-0.0127,20.4122,15.6385,7.5509,-6489.25,66.1667,-0.2365,0.0633,0.102,15.85,481.0,5.6802,15.87,1.035,1.8862,0.0183,9.396,15.14,3.165,양품
-28.9882,-0.0049,174.8072,17.1039,8.4839,-5563.5,65.3667,-0.0473,0.1321,0.181,15.75,445.0,4.9531,15.77,1.239,1.9992,,9.043,16.03,4.348,양품
6.6,-0.009,44.3213,17.7793,5.4098,-6506.75,68.9444,0.7096,0.0508,0.094,15.84,508.0,6.9622,15.87,1.191,1.8887,0.0216,8.7851,22.98,3.004,양품
25.2736,-0.011,45.3515,10.8234,14.2156,-5142.25,68.8,0.7096,0.1165,0.153,15.84,279.0,5.3532,15.87,1.191,1.9792,0.0655,9.1757,18.77,3.004,양품
-5.7182,-0.0135,49.0251,16.6698,8.8969,-5282.75,71.2333,-0.2365,0.0566,0.101,15.85,438.0,4.4785,15.87,1.035,1.9572,,9.1855,17.69,3.165,불량
-1.4345,-0.0127,31.4342,25.4004,41.7562,-6047.0,70.0556,-0.9461,0.0537,0.164,15.88,674.0,5.2483,15.87,1.343,2.0313,0.0263,8.4421,17.95,2.854,양품
-0.3327,-0.0126,73.6634,23.3658,6.8182,-6336.0,69.5889,-0.9461,0.0541,0.104,15.88,731.0,5.5199,15.87,1.343,1.892,0.0302,8.8384,18.21,2.854,양품
0.5682,-0.0122,36.7722,21.6922,35.1483,-5932.0,67.8222,-0.9461,0.072,0.192,15.88,573.0,5.931,15.87,1.343,2.0377,0.0359,8.7994,21.52,2.854,양품
2.9518,-0.0118,42.4178,23.8633,14.7391,-5427.75,65.7111,-0.9461,0.0696,0.112,15.88,660.0,6.778,15.87,1.343,1.986,0.0176,8.7994,21.29,2.854,양품
7.7727,-0.0099,73.0964,20.8235,3.3399,-6467.25,68.7667,-0.8042,0.0687,0.104,15.85,617.0,5.0532,15.83,1.078,1.8962,0.0177,8.7851,13.67,3.074,양품
2.75,-0.0088,70.4545,21.4321,7.112,-6313.25,66.5333,-0.9461,0.0704,0.138,15.88,660.0,6.0275,15.87,1.343,1.8935,0.0172,8.6439,18.69,2.854,양품
15.81,-0.0102,66.6667,14.6072,4.4414,-5471.25,67.9556,-0.9461,0.1227,0.166,15.88,396.0,5.2089,15.87,1.343,1.9777,0.0189,8.6527,16.84,2.854,양품
3.4882,-0.0144,18.7013,18.5121,15.5281,-5493.25,70.9556,-0.8042,0.0426,0.224,15.85,451.0,6.9314,15.83,1.078,1.985,0.0223,8.7897,23.85,3.074,양품
1.2673,-0.0062,37.0221,21.2647,6.5414,-6374.75,68.6556,-0.8042,0.104,0.121,15.85,649.0,4.8083,15.83,1.078,1.8958,0.0282,9.3335,14.02,3.074,양품
4.7864,-0.0078,55.04,15.3454,8.603,-6381.5,66.7,-0.8042,0.0881,0.085,15.85,467.0,5.2236,15.83,1.078,1.8905,,9.043,13.24,3.074,양품
14.7345,-0.009,68.0614,14.4432,9.5606,-5313.5,69.6556,-0.8042,0.0778,0.092,15.85,393.0,6.2457,15.83,1.078,2.0235,0.0162,9.4043,20.18,3.074,양품
-8.3955,-0.0069,59.2058,31.5983,18.1395,-5474.25,59.9778,-0.8042,0.1504,0.182,15.85,947.0,7.7567,15.83,1.078,2.0275,,9.2328,22.42,3.074,양품
1.2209,-0.011,33.7514,25.519,11.4547,-5587.25,68.7111,1.088,0.0675,0.082,15.73,673.0,4.7162,15.78,0.9413,2.0122,0.0166,8.7219,14.11,3.175,양품
1.0345,-0.0123,35.6636,16.7205,4.7588,-5421.5,67.5111,1.088,0.066,0.106,15.73,440.0,6.0188,15.78,0.9413,1.9963,0.019,8.6439,21.22,3.175,양품
1.0636,-0.0109,35.6979,18.6293,6.0897,-6256.5,69.8222,1.088,0.0571,0.121,15.73,562.0,6.1948,15.78,0.9413,1.889,0.0208,8.5987,18.72,3.175,양품
1.6173,-0.013,36.0153,17.0199,3.1707,-6370.75,70.0444,1.088,0.1012,0.1,15.73,534.0,6.7145,15.78,0.9413,1.9007,0.0269,8.4421,18.85,3.175,양품
2.4173,-0.0111,40.4949,102.5247,9.1311,-5311.5,70.3889,1.088,0.0525,0.043,15.73,3472.0,4.6886,15.78,0.9413,1.9535,0.0225,8.5987,16.42,3.175,불량
-7.1564,-0.0089,62.7451,14.1645,11.3825,-6264.0,69.2444,0.0,0.0586,0.1,15.73,430.0,4.9289,15.77,1.248,1.8932,0.0158,8.8505,18.04,3.067,양품
0.6991,-0.0095,84.9279,11.9045,30.6057,-4750.75,66.4,0.0,0.0772,0.128,15.82,323.0,6.9408,15.76,1.196,1.992,0.0152,8.6915,16.29,2.932,양품
2.5964,-0.0076,66.9951,28.9715,20.6812,-5879.75,68.9333,0.0,0.0787,0.047,15.73,807.0,4.6901,15.77,1.248,1.9888,0.0141,8.659,14.85,3.067,양품
-0.4091,-0.0075,44.1472,26.889,5.4295,-5433.25,68.2333,0.0,0.065,0.161,15.73,782.0,5.9835,15.77,1.248,2.025,0.0212,8.4421,18.44,3.067,양품
-5.0245,-0.003,113.3333,19.1595,4.4386,-6443.5,62.9778,1.088,0.1045,0.115,15.73,579.0,6.2162,15.78,0.9413,1.882,,9.5689,17.28,3.175,양품
-0.7236,-0.0074,47.2973,17.7786,11.5931,-5468.75,69.9111,0.0,0.0847,0.029,15.82,453.0,5.376,15.76,1.196,2.0068,0.1541,8.7897,18.66,2.932,양품
1.9482,-0.0072,91.9861,14.5779,16.8007,-5410.5,69.0111,0.0,0.1212,0.18,15.73,392.0,5.8213,15.77,1.248,1.9875,0.0167,8.5687,16.87,3.067,불량
1.3255,-0.0092,51.296,27.5293,11.6378,-6375.75,66.8222,0.0,0.0364,0.144,15.73,817.0,6.0309,15.77,1.248,1.8735,0.0427,8.6915,16.97,3.067,양품
-6.8627,-0.0121,32.3316,17.228,5.9804,-6421.0,68.3111,-0.9461,0.091,0.065,15.88,532.0,6.3875,15.87,1.343,1.8915,0.034,9.3335,20.02,2.854,양품
7.0591,-0.0121,44.4902,24.4199,5.3323,-6507.5,68.2222,-0.5204,0.0455,0.142,15.92,742.0,5.0673,15.88,1.206,1.8755,0.0291,8.5251,14.95,4.289,양품
2.2118,-0.0116,67.884,15.0671,2.043,-6461.0,70.4667,-0.5204,0.051,0.074,15.92,449.0,6.0691,15.88,1.206,1.8702,0.0446,8.5251,21.55,4.289,양품
7.9373,-0.0103,46.6586,20.0878,10.607,-5411.5,70.5444,-0.5204,0.0393,0.048,15.92,549.0,5.3721,15.88,1.206,2.0008,0.0263,8.5251,16.81,4.289,양품
0.8745,-0.012,47.4506,24.3357,6.2407,-6409.5,70.1667,-0.5204,0.0456,0.128,15.92,735.0,5.0138,15.88,1.206,1.8835,0.0264,8.5251,15.73,4.289,양품
3.99,-0.0106,51.6432,11.7814,14.2432,-5546.5,70.1556,0.8042,0.0516,0.017,15.81,311.0,4.5588,15.84,1.007,1.9945,0.0204,8.5251,14.0,4.013,양품
4.4455,-0.0096,66.8407,25.9911,5.3663,-6466.25,67.0556,-0.6623,0.0458,0.133,15.74,772.0,5.2038,15.71,1.182,1.883,0.0383,8.6005,17.49,4.062,양품
168.1455,-0.0096,68.75,4.9751,15.0276,-5430.0,68.0889,-0.6623,0.0515,0.103,15.74,140.0,5.1021,15.71,1.182,2.0072,0.0203,8.7994,16.25,4.062,양품
-0.2845,-0.0079,60.5678,18.2579,6.1354,-5183.0,67.0444,-0.1419,0.1077,0.196,15.77,491.0,7.4994,15.72,1.154,1.9852,0.0676,9.2047,21.62,4.264,양품
2.0609,-0.0078,77.707,10.9206,7.7336,-5353.25,67.7889,-0.1419,0.0523,0.085,15.77,301.0,6.1941,15.72,1.154,1.9955,0.02,,18.51,4.264,양품
1.7373,-0.0082,53.4954,21.5197,41.8825,-5763.75,67.4444,-0.1419,0.0858,0.203,15.77,548.0,4.9065,15.72,1.154,1.9805,0.1247,9.7324,17.15,4.264,양품
3.1191,-0.0122,49.8468,11.3664,7.562,-5474.75,67.3556,-0.1419,0.0635,0.096,15.77,308.0,4.7844,15.72,1.154,1.995,0.0229,9.6938,15.14,4.264,양품
0.2818,-0.01,49.2462,3.6344,30.6702,-6211.25,65.1333,-0.1419,0.0947,0.108,15.77,99.0,6.0098,15.72,1.154,2.017,0.0215,9.0776,18.73,4.264,양품
4.06,-0.0097,73.5751,22.939,4.7819,-6252.75,68.6556,-0.0473,0.0617,0.13,15.75,729.0,5.0865,15.74,1.078,1.909,0.0253,8.9546,19.47,3.494,양품
-0.3182,-0.0031,148.9879,10.4651,6.6938,-5288.5,69.1889,-0.6623,0.0906,0.125,15.74,270.0,4.9744,15.71,1.182,2.0053,0.0539,8.6005,15.69,4.062,양품
-0.0636,-0.0132,32.4528,14.6771,16.2725,-5328.0,66.9333,-0.0473,0.1068,0.086,15.75,375.0,5.5842,15.74,1.078,1.982,0.0231,8.3324,20.88,3.494,양품
36.3682,-0.0098,68.2803,20.7831,9.2825,-6334.5,69.8,-0.6623,0.057,0.112,15.74,633.0,5.073,15.71,1.182,1.8918,0.0783,8.8505,17.76,4.062,양품
1.0291,-0.0134,46.1825,8.9819,7.4243,-5711.0,67.2667,-0.0473,0.0761,0.137,15.75,236.0,5.0376,15.74,1.078,2.0275,0.0099,8.7867,15.42,3.494,양품
1.9591,-0.0141,20.5674,9.3813,14.5172,-5662.25,70.7778,0.7569,0.0729,0.015,15.85,257.0,6.7197,15.81,1.116,1.9898,0.0074,8.5251,23.76,4.019,양품
1.6373,-0.013,24.6154,21.4174,6.5766,-6310.25,67.4889,-0.0473,0.0952,0.105,15.75,649.0,5.5742,15.74,1.078,1.885,0.0154,8.5987,16.92,3.494,양품
-1.2209,-0.0126,26.2425,14.9677,23.0008,-5686.75,70.5111,-0.0473,0.0779,0.126,15.75,388.0,4.866,15.74,1.078,2.0177,0.0217,8.7897,15.62,3.494,양품
8.8445,-0.0142,31.7741,4.7874,16.733,-5402.5,68.7889,-0.1419,0.0975,0.056,15.77,125.0,5.7787,15.72,1.154,2.0198,0.0424,8.3324,19.17,4.264,양품
-1.1255,-0.0092,25.9811,18.8362,6.5293,-6539.75,70.7667,-0.2838,0.0572,0.13,15.69,543.0,4.3122,15.65,1.182,1.8845,0.0194,8.7418,16.15,4.375,양품
2.9409,-0.0123,35.0663,24.56,6.3072,-6389.5,68.2889,-0.1419,0.1171,0.123,15.77,743.0,7.1505,15.72,1.154,1.8922,0.0212,9.7836,23.24,4.264,양품
-4.4845,-0.0095,74.6386,25.8169,8.9827,-6468.0,66.1556,-0.4731,0.1137,0.119,15.78,796.0,5.3967,15.76,1.276,1.885,0.0227,9.0776,18.17,3.981,양품
8.1418,-0.0101,63.6025,13.9973,22.3206,-5649.5,70.6111,-0.0473,0.0403,0.094,15.75,357.0,6.712,15.74,1.078,2.0092,0.025,8.6427,23.77,3.494,양품
9.4864,-0.013,39.1179,24.3561,6.825,-6505.5,70.0,-0.1419,0.1365,0.134,15.77,740.0,6.0009,15.72,1.154,1.886,0.0244,8.5687,19.21,4.264,양품
-7.5073,-0.0112,37.3749,10.621,64.9454,-4599.25,68.2111,-0.1419,0.0857,0.149,15.77,301.0,7.3872,15.72,1.154,2.0095,0.0215,8.9635,21.92,4.264,양품
3.8264,-0.0115,27.8867,19.292,21.5009,-5330.0,69.5444,-0.4731,0.0672,0.06,15.78,530.0,6.2339,15.76,1.276,1.9983,0.1702,8.5891,20.83,3.981,양품
10.2355,-0.0108,46.2963,21.8575,2.8807,-6456.75,71.3111,-0.2838,0.0672,0.127,15.69,636.0,5.0133,15.65,1.182,1.905,0.0345,8.7418,15.43,4.375,양품
1.0218,-0.0121,35.5739,25.5468,7.735,-6347.75,71.4222,-0.7096,0.069,0.14,15.91,765.0,5.8286,15.9,1.135,1.8845,0.0452,8.5987,16.59,4.062,양품
3.8664,-0.0105,56.3246,26.3424,6.5821,-6426.5,73.0222,0.7569,0.1094,0.138,15.85,796.0,5.0435,15.81,1.116,1.875,0.0251,8.6829,17.77,4.019,양품
-6.0545,-0.0107,17.7986,23.8749,8.7862,-6624.0,69.9667,-0.2838,0.0621,0.126,15.69,687.0,5.0295,15.65,1.182,1.8725,0.0185,8.7219,16.88,4.375,양품
2.8745,-0.0113,31.9645,10.1621,14.3059,-5305.5,67.9333,0.7569,0.1033,0.084,15.85,268.0,5.1169,15.81,1.116,1.9605,0.0188,9.7324,15.03,4.019,양품
-0.81,0.0018,253.7931,26.7811,4.6115,-6310.25,69.4222,-0.6623,0.1139,0.139,15.74,811.0,6.3528,15.71,1.182,1.8818,0.0138,8.6439,16.88,4.062,양품
8.1445,-0.0109,58.5143,25.8964,8.5229,-6406.25,69.3111,-0.4731,0.0661,0.111,15.78,780.0,5.2941,15.76,1.276,1.8847,0.148,8.6439,20.79,3.981,양품
11.4855,-0.011,29.932,21.1441,3.7442,-6329.75,67.2667,-0.7096,0.0461,0.116,15.91,633.0,5.9031,15.9,1.135,1.8855,0.0254,8.8043,18.15,4.062,양품
1.4745,-0.0144,71.9723,8.2107,43.6992,-5874.25,68.2,0.7569,0.1277,0.033,15.85,212.0,5.7336,15.81,1.116,2.0245,0.0202,8.5288,20.61,4.019,양품
2.0127,-0.0122,28.6885,8.0823,1.6487,-5459.0,66.4556,-0.1419,0.0811,0.106,15.77,218.0,5.9644,15.72,1.154,2.0,0.0182,8.7994,17.53,4.264,양품
0.91,-0.0133,30.1602,45.9318,4.526,-5545.75,68.7667,-0.7096,0.051,0.123,15.91,1297.0,6.9024,15.9,1.135,1.9968,0.0216,8.5987,20.88,4.062,양품
-1.5118,-0.0068,67.8967,19.7658,11.1794,-6225.75,68.9778,-0.7096,0.089,0.117,15.91,612.0,5.7194,15.9,1.135,1.8842,0.0195,8.6439,18.68,4.062,양품
0.9091,-0.0073,54.7009,14.9064,5.1432,-6260.75,69.0222,-0.2838,0.1046,0.098,15.69,452.0,6.3665,15.65,1.182,1.8995,,8.4092,23.63,4.375,양품
0.6191,-0.008,71.028,5.5761,16.7105,-5607.25,68.1222,-0.9461,0.0984,0.118,15.79,143.0,6.4131,15.74,1.201,2.016,0.0444,8.7867,22.47,3.562,양품
3.3655,-0.0105,35.3222,64.4871,29.5623,-5723.5,68.4667,-0.7096,0.0467,0.066,15.91,2007.0,6.0366,15.9,1.135,2.009,0.032,8.8043,21.42,4.062,양품
-2.63,-0.0093,67.7419,13.077,17.9282,-5628.0,70.4444,-0.7096,0.0719,0.041,15.91,335.0,5.9073,15.9,1.135,2.036,0.0214,8.7897,21.67,4.062,양품
1.0045,-0.0111,49.5495,18.0986,11.7465,-5669.75,69.7111,0.7569,0.11,0.144,15.85,494.0,6.8,15.81,1.116,2.0012,0.0221,8.9546,20.58,4.019,불량
1.1527,-0.0118,60.1058,26.0525,10.5754,-6326.0,66.6333,-0.7096,0.0583,0.109,15.91,772.0,5.441,15.9,1.135,1.8842,0.0241,8.6005,15.97,4.062,양품
0.2055,-0.0092,61.9565,34.5451,13.5301,-6371.0,69.2222,-0.0473,0.073,0.155,15.75,1031.0,6.8171,15.74,1.078,1.882,0.0212,8.8043,19.45,3.494,양품
-3.8982,-0.0111,35.2542,23.2956,6.0527,-6344.25,65.1,0.7569,0.0694,0.145,15.85,721.0,5.5693,15.81,1.116,1.8775,0.034,9.0776,16.41,4.019,양품
3.2764,-0.0075,81.3333,13.8036,6.1009,-5409.0,67.1,-0.6623,0.1302,0.172,15.99,408.0,4.866,15.95,1.314,1.9643,0.0125,9.2047,16.13,4.361,양품
-4.0373,-0.011,52.6674,8.7605,16.9057,-5246.75,63.6889,-0.6623,0.083,0.104,15.99,232.0,7.0294,15.95,1.314,1.9832,0.0555,9.0776,20.13,4.361,양품
0.1618,-0.0116,39.7838,8.9353,4.3352,-5697.5,65.8222,-0.4731,0.0759,0.112,15.78,248.0,5.4007,15.76,1.276,1.9937,0.0221,8.5459,17.46,3.981,양품
-3.9436,-0.0109,49.6552,29.6454,16.7193,-5933.25,69.9889,-0.6623,0.0827,0.154,15.99,767.0,5.5417,15.95,1.314,2.013,0.0372,8.7897,19.47,4.361,양품
-1.2518,-0.0091,44.9931,19.5456,5.5536,-6338.25,69.8444,-0.5677,0.0419,0.103,15.99,585.0,6.2167,15.94,1.418,1.8815,0.0189,8.6005,21.29,5.261,양품
1.3664,-0.0101,35.5995,21.1767,5.6218,-6350.25,65.9556,-0.6623,0.0998,0.132,15.99,656.0,5.8843,15.95,1.314,1.8927,0.0217,8.659,21.54,4.361,양품
5.65,-0.0111,33.3709,93.0739,12.069,-5278.0,68.1333,0.7569,0.0695,0.132,15.85,3205.0,5.8068,15.81,1.116,2.0158,0.0522,8.5135,17.08,4.019,양품
7.8264,-0.0057,70.1754,10.6575,13.446,-5444.0,69.2,-0.6623,0.1204,0.056,15.99,278.0,4.9158,15.95,1.314,1.9963,0.0523,8.6527,16.37,4.361,양품
-1.1927,-0.0121,63.6364,13.2955,15.4109,-5561.0,68.9222,-0.6623,0.073,0.105,15.99,351.0,5.9157,15.95,1.314,1.9905,0.0199,8.5459,18.38,4.361,양품
5.4991,-0.0105,29.4537,28.4973,29.5041,-5192.5,67.5,-0.5677,0.0556,0.248,15.99,796.0,6.5321,15.94,1.418,2.0435,0.0217,8.5288,21.87,5.261,불량
-0.0309,-0.0137,40.8387,23.8257,7.4292,-6461.0,68.5,-0.5677,0.1175,0.15,15.99,738.0,6.0001,15.94,1.418,1.8798,0.0105,8.659,20.58,5.261,양품
0.5091,-0.01,49.9376,14.0679,5.9789,-6305.5,67.6111,-0.0473,0.1041,0.103,15.75,429.0,4.3721,15.74,1.078,1.887,0.0216,9.7324,16.92,3.494,양품
,-0.0094,53.1208,14.1828,18.291,-5871.75,69.1,-0.1419,0.1033,0.048,15.9,384.0,,15.84,1.163,2.0125,0.044,8.5788,,4.809,양품
,-0.0115,26.1723,14.3741,6.8835,-6624.5,71.3333,-0.6623,0.0631,0.055,15.99,424.0,5.8591,15.95,1.314,1.8758,0.0154,8.7199,18.34,4.361,양품
0.5755,-0.0126,31.8408,20.5357,28.9192,-6736.0,68.2222,-0.1419,0.0591,0.15,15.9,644.0,6.1628,15.84,1.163,1.8895,0.0195,9.7836,20.53,4.809,양품
0.2573,-0.0095,57.971,9.6858,20.1252,-5232.25,67.2889,-0.5677,0.0654,0.08,15.99,242.0,5.7795,15.94,1.418,1.9805,0.0138,8.659,18.89,5.261,양품
9.2827,-0.0081,38.3901,14.4508,13.774,-5234.5,65.5778,-0.5677,0.0694,0.149,15.99,397.0,6.2345,15.94,1.418,2.0132,0.0253,8.7994,19.37,5.261,양품
-1.0482,-0.013,43.8462,19.802,6.0287,-6319.75,68.3889,0.0,0.1027,0.101,15.91,595.0,5.9818,15.87,1.541,1.8838,0.0251,9.7836,19.15,4.563,양품
5.6309,-0.0097,26.943,26.3554,15.3486,-5121.0,69.3889,-0.1419,0.0941,0.207,15.9,683.0,5.2759,15.84,1.163,1.9958,0.0184,8.5288,16.32,4.809,양품
13.3709,-0.0114,46.4912,19.1947,24.0187,-5229.25,68.9111,-0.5677,0.0459,0.173,15.99,491.0,5.5776,15.94,1.418,2.0103,0.0234,8.8043,16.8,5.261,불량
5.1736,-0.0103,28.1553,24.9354,3.4445,-6183.75,67.9222,0.0,0.0664,0.124,15.91,748.0,5.8216,15.87,1.541,1.8882,0.0114,8.5334,17.94,4.563,양품
4.8373,-0.0085,119.174,8.7419,4.1589,-5506.25,67.7778,0.0,0.0638,0.103,15.91,230.0,5.3511,15.87,1.541,1.9973,0.0206,8.3324,17.75,4.563,양품
6.3691,-0.0097,74.5149,20.6358,15.6158,-5622.5,71.4444,-0.5677,0.0805,0.158,15.99,568.0,5.5444,15.94,1.418,2.0183,0.0342,8.7897,18.92,5.261,양품
0.2818,-0.0129,34.8837,8.2194,21.1246,-5046.25,70.7778,-0.6623,0.0958,0.094,15.99,215.0,6.0756,15.95,1.314,1.999,0.025,8.6427,20.05,4.361,양품
-0.8964,-0.0099,59.8226,35.7298,27.6854,-5530.0,70.1889,0.0,0.0645,0.238,15.91,984.0,5.9494,15.87,1.541,1.987,0.016,8.7283,18.77,4.563,양품
-0.1745,-0.0095,63.3245,23.2126,6.1839,-6339.0,66.4111,-0.1419,0.0569,0.084,15.9,694.0,4.6227,15.84,1.163,1.8873,0.0258,8.8043,15.49,4.809,양품
7.0709,-0.0118,34.709,22.3613,6.0364,-6626.5,70.6444,-0.5677,0.0678,0.108,15.99,634.0,5.4252,15.94,1.418,1.8765,0.0515,8.7851,19.09,5.261,양품
0.4545,-0.0064,90.8023,25.0979,25.1679,-7148.0,66.0444,0.0,0.0826,0.131,15.91,737.0,5.5892,15.87,1.541,1.8875,0.0184,8.8132,17.4,4.563,양품
2.2518,-0.0111,57.7227,26.1911,11.5633,-6235.25,68.7,-0.1419,0.081,0.143,15.9,793.0,5.9603,15.84,1.163,1.8873,0.0396,8.5855,19.8,4.809,양품
0.9991,-0.0083,55.5053,14.888,6.7699,-6233.5,65.6444,0.0,0.0682,0.118,15.91,467.0,5.5943,15.87,1.541,1.905,0.1087,23.1583,17.67,4.563,양품
2.3691,-0.0112,44.7427,12.3032,18.8887,-5394.75,69.0667,-0.1419,0.0996,0.126,15.9,340.0,5.1818,15.84,1.163,2.019,0.0277,8.5891,15.92,4.809,양품
3.43,-0.011,48.9241,16.1962,3.7776,-6273.75,69.6111,-0.6623,0.0752,0.125,15.99,502.0,5.0292,15.95,1.314,1.8963,0.0202,9.3335,15.64,4.361,양품
2.3755,-0.0147,28.5472,21.4173,7.3644,-6368.5,68.1111,-0.1419,0.1249,0.077,15.9,646.0,5.0931,15.84,1.163,1.8872,0.0225,9.7836,15.61,4.809,양품
1.1682,-0.0118,56.5998,20.5128,21.8264,-5319.25,68.6,-0.1419,0.0769,0.15,15.9,552.0,5.443,15.84,1.163,1.9968,0.0162,8.5135,17.85,4.809,양품
0.1691,-0.0112,42.7141,15.797,5.5922,-6366.0,68.1778,-0.5204,0.088,0.09,15.89,495.0,5.1317,15.91,1.239,1.8988,0.0192,9.2047,14.43,4.392,양품
2.6491,-0.011,37.3576,23.9626,10.157,-5651.25,69.2111,0.0,0.0769,0.147,15.91,654.0,4.8905,15.87,1.541,2.015,0.0468,8.9546,17.45,4.563,양품
3.1382,-0.0114,37.8022,75.0249,6.0769,-5397.5,68.5889,-0.5204,0.077,0.136,15.89,2446.0,4.1069,15.91,1.239,1.9798,0.0148,8.5788,14.98,4.392,양품
4.4364,-0.0105,69.3587,11.6306,11.1901,-5451.25,68.2778,-0.6623,0.0603,0.118,15.99,324.0,6.2098,15.95,1.314,2.014,0.0138,8.5135,20.79,4.361,양품
2.1045,-0.0123,44.6247,21.247,8.1469,-6358.25,69.1667,-0.5204,0.1025,0.131,15.89,650.0,7.4426,15.91,1.239,1.8878,0.0533,9.6938,24.86,4.392,양품
3.9818,-0.0095,45.5026,23.3353,15.682,-5496.75,66.8111,0.0473,0.0533,0.125,15.93,587.0,5.7653,15.82,1.295,1.981,0.0134,9.2047,16.95,4.248,양품
2.8182,-0.0098,53.265,16.4746,6.6454,-6335.25,69.9333,0.0,0.0887,0.079,15.91,504.0,6.7766,15.87,1.541,1.8898,0.0482,8.5297,24.28,4.563,양품
-0.1209,-0.0076,67.3267,31.1733,38.9418,-6170.75,67.9667,-0.1419,0.0789,0.077,15.9,819.0,6.3084,15.84,1.163,2.0165,0.127,8.5987,19.07,4.809,양품
1.1782,-0.0068,90.5109,10.9325,18.5025,-5372.25,68.2222,-0.1419,0.0777,0.146,15.9,272.0,7.2599,15.84,1.163,2.0088,0.024,8.7418,23.42,4.809,양품
0.1664,-0.0117,41.9251,16.8915,25.5813,-5472.75,67.1222,-0.5204,0.1003,0.167,15.89,454.0,6.833,15.91,1.239,1.9878,0.0148,9.2047,20.66,4.392,양품
4.92,-0.0111,35.9955,20.9059,6.8689,-5677.75,67.1778,0.0,0.0698,0.179,15.91,570.0,5.4468,15.87,1.541,2.0012,0.0272,9.7324,17.02,4.563,양품
-1.3227,-0.0073,46.4957,20.9907,11.8137,-6424.75,67.7444,-1.655,0.0663,0.091,15.95,660.0,5.7706,15.93,1.376,1.89,0.0406,8.5232,15.77,4.585,양품
-0.7845,-0.0114,66.0793,21.343,4.5999,-6369.75,70.1,-0.0946,0.1382,0.131,15.96,650.0,4.7145,15.92,1.399,1.8907,0.0498,8.5135,14.73,4.92,양품
0.2655,-0.0137,32.0875,21.2168,9.923,-6328.75,68.0889,-1.655,0.0431,0.119,15.95,646.0,4.698,15.93,1.376,1.8805,0.0464,8.5615,16.01,4.585,양품
-3.6855,-0.0111,36.036,24.6791,5.7743,-6234.5,69.7889,-0.0946,0.1245,0.125,15.96,721.0,5.5498,15.92,1.399,1.8878,0.0225,8.5855,17.35,4.92,양품
-1.7609,-0.0089,22.4404,3.0583,30.1744,-5962.0,69.0444,-0.0946,0.0615,0.106,15.96,77.0,5.1793,15.92,1.399,2.0393,0.0151,8.7283,16.08,4.92,양품
2.9691,-0.0089,67.0391,12.0902,11.4931,-5490.25,65.6556,-0.0946,0.0522,0.095,15.96,331.0,5.5332,15.92,1.399,2.0065,0.0203,9.754,20.98,4.92,양품
-1.7982,-0.0174,32.1377,19.6174,5.3552,-6330.25,67.6111,0.0,0.0497,0.119,15.91,605.0,4.7883,15.87,1.541,1.8855,0.0484,8.9546,15.51,4.563,양품
-0.3736,-0.0107,62.9108,25.5613,11.0808,-5135.0,68.7667,-1.655,0.0487,0.123,15.95,666.0,5.2192,15.93,1.376,2.0005,0.0147,8.9635,16.81,4.585,양품
4.9073,-0.0072,68.1739,17.3304,9.9224,-6188.0,66.1444,-0.0946,0.0651,0.126,15.96,532.0,5.9707,15.92,1.399,1.8958,0.0302,8.5334,19.0,4.92,양품
1.49,-0.01,50.2513,21.8745,8.9414,-6475.5,69.0889,-0.0946,0.0612,0.133,15.96,671.0,5.3185,15.92,1.399,1.8847,0.0158,8.5779,17.06,4.92,양품
3.2491,-0.0113,37.9691,10.318,7.1968,-5558.0,66.5222,-1.655,0.0953,0.124,15.95,292.0,6.8121,15.93,1.376,2.0195,0.0138,8.9546,22.61,4.585,양품
-1.0927,-0.0109,48.5126,21.0595,8.0721,-6380.0,67.3,0.2365,0.0429,0.119,15.99,641.0,5.8811,15.92,1.338,1.8912,0.2193,23.1583,18.36,4.567,양품
0.2536,-0.0126,69.1162,11.6047,5.3279,-5630.75,65.2,-0.0946,0.0938,0.067,15.96,354.0,5.0449,15.92,1.399,1.9838,0.0157,9.754,18.34,4.92,양품
-0.7036,-0.012,39.2894,11.5864,5.6091,-5473.25,68.6,0.2365,0.0772,0.053,15.99,300.0,5.5866,15.92,1.338,2.0035,0.0798,8.3324,19.21,4.567,양품
3.73,-0.011,20.9567,20.0704,11.7794,-5611.5,66.0,-0.5204,0.0491,0.249,15.97,556.0,6.7593,15.95,1.447,2.0005,0.0161,8.9635,19.41,4.41,양품
-0.4173,-0.0108,34.1801,21.8643,8.3196,-6382.5,68.8,-0.0946,0.09,0.127,15.96,655.0,7.353,15.92,1.399,1.881,0.0175,9.7836,22.45,4.92,양품
1.4464,-0.0118,65.1163,4.3216,12.7951,-5666.25,68.6333,-0.5204,0.1201,0.078,15.97,120.0,6.554,15.95,1.447,2.0528,0.0158,8.7812,20.23,4.41,양품
4.8364,-0.0095,47.1204,11.7213,10.3372,-5523.75,70.9,0.3311,0.0634,0.097,15.95,302.0,6.8081,15.91,1.04,2.0347,0.0182,8.6706,19.86,3.193,양품
-2.6655,-0.009,72.2222,13.4373,3.7054,-6477.0,70.2222,0.3311,0.0619,0.094,15.95,392.0,6.3086,15.91,1.04,1.8925,0.0876,8.6706,18.17,3.193,양품
-0.3455,-0.0146,45.7338,22.0784,27.1062,-5733.0,68.0,0.2365,0.1378,0.183,15.99,580.0,5.6345,15.92,1.338,1.9952,0.0211,8.7283,16.91,4.567,양품
-6.6055,-0.0103,36.715,60.843,10.1674,-5242.25,68.5778,-1.655,0.0464,0.133,15.95,1891.0,6.7536,15.93,1.376,2.0,0.0251,8.7932,20.61,4.585,양품
-0.0191,-0.0132,18.1303,94.6243,16.5667,-5336.0,65.9111,-0.0946,0.0458,0.212,15.96,3362.0,5.5926,15.92,1.399,1.993,0.0411,9.0425,17.16,4.92,양품
1.4845,-0.0146,62.3288,13.6996,19.682,-5472.0,69.0667,0.7569,0.1218,0.213,15.77,374.0,5.5519,15.79,0.9649,1.9978,0.0195,8.5288,16.78,4.254,양품
8.9864,-0.0083,76.8769,16.6479,12.9068,-5361.5,63.8444,-0.5204,0.0627,0.201,15.97,443.0,5.9035,15.95,1.447,2.0023,0.1053,8.5232,20.32,4.41,양품
-0.95,-0.0142,61.9718,19.5514,5.3933,-6341.25,72.3111,-0.5204,0.0749,0.14,15.89,584.0,6.405,15.91,1.239,1.8945,0.0286,8.4896,19.93,4.392,양품
2.8618,-0.0101,55.377,22.2858,10.0763,-6222.5,66.7333,0.3311,0.128,0.116,15.95,682.0,5.9291,15.91,1.04,1.894,0.0236,8.5855,19.27,3.193,양품
-2.0764,-0.0141,33.2449,25.6431,9.0718,-6305.25,67.4111,-1.655,0.1157,0.142,15.95,780.0,6.314,15.93,1.376,1.888,0.0162,8.5891,19.72,4.585,양품
3.36,-0.0144,45.8732,9.1582,20.1386,-5412.5,67.3667,0.7569,0.0858,0.168,15.77,229.0,5.318,15.79,0.9649,1.9957,0.4686,8.7568,17.27,4.254,양품
4.0427,-0.0093,69.7051,74.1915,3.7027,-5320.5,66.9333,-0.0946,0.0617,0.151,15.96,2059.0,5.6554,15.92,1.399,2.0238,0.031,8.9635,16.89,4.92,양품
2.8618,-0.0129,29.4004,21.0112,9.1432,-5304.5,68.8556,-0.5204,0.0972,0.109,15.89,561.0,7.1774,15.91,1.239,2.0155,0.0199,8.3324,20.62,4.392,양품
-1.9909,-0.0112,40.0891,13.4146,6.8306,-5387.5,71.5444,0.3311,0.0634,0.125,15.95,363.0,6.0443,15.91,1.04,1.9693,0.08,8.6706,21.07,3.193,양품
0.7655,-0.0089,63.6872,18.5667,6.4283,-6300.25,69.7556,-0.5204,0.0519,0.104,15.97,535.0,7.1479,15.95,1.447,1.8685,0.0244,8.5334,25.07,4.41,양품
1.9245,-0.0118,54.9102,12.4713,19.2142,-5803.0,65.3778,0.2365,0.0483,0.134,15.99,340.0,6.8691,15.92,1.338,1.9852,0.0362,8.5459,23.51,4.567,불량
-0.1973,-0.0063,48.9152,21.9142,26.3927,-5766.75,66.9444,0.7569,0.0482,0.103,15.77,577.0,5.9963,15.79,0.9649,2.0125,0.0413,8.7662,17.71,4.254,양품
-1.9855,-0.015,25.3968,16.4859,18.5213,-5329.0,68.1889,0.7569,0.0736,0.114,15.77,418.0,6.085,15.79,0.9649,2.007,0.0152,8.7932,19.23,4.254,양품
2.4718,-0.0111,37.7104,12.3579,20.5176,-5410.0,69.4222,-0.5204,0.0527,0.082,15.97,307.0,4.6869,15.95,1.447,2.0158,0.0194,8.7283,13.06,4.41,양품
3.7127,0.0013,451.4851,17.211,10.468,-6180.75,69.9111,-1.655,0.0919,0.116,15.95,523.0,4.4837,15.93,1.376,1.8908,,8.4092,16.26,4.585,양품
-0.66,-0.008,63.8498,15.0105,13.7685,-5461.75,66.5,0.7569,0.0673,0.153,15.77,395.0,7.2623,15.79,0.9649,1.995,0.0126,8.9635,24.41,4.254,양품
-1.0573,-0.012,62.7615,22.4418,18.3562,-5055.5,68.9,-0.5204,0.0678,0.155,15.97,602.0,5.9499,15.95,1.447,1.9648,0.0121,8.9635,18.48,4.41,양품
11.2909,-0.0111,39.5062,19.3,8.6094,-5343.0,67.4222,-0.7096,0.0908,0.092,15.91,517.0,5.594,15.9,1.135,2.0192,0.0312,8.7994,16.86,4.062,불량
-1.9573,-0.0111,55.0169,20.3125,13.299,-5541.75,70.8111,-0.1419,0.0688,0.123,15.98,507.0,6.2807,15.89,0.9649,2.0062,0.0145,8.6706,19.01,3.879,양품
-0.4482,-0.0062,107.0994,15.8252,13.2128,-5782.25,71.4111,-0.1419,0.0693,0.053,15.98,402.0,6.275,15.89,0.9649,1.9682,,8.6706,19.87,3.879,양품
-3.9318,-0.0111,35.0168,18.8994,8.526,-5254.5,67.3778,0.7569,0.0595,0.103,15.83,498.0,6.7701,15.85,0.9271,1.9937,0.0187,8.5135,17.47,3.23,양품
-2.3355,-0.009,49.0934,22.2571,7.3928,-6208.75,68.9556,0.7569,0.2555,0.116,15.83,673.0,5.5167,15.85,0.9271,1.8852,0.0282,8.5459,18.39,3.23,양품
-0.2173,-0.0144,29.0909,7.3613,19.2818,-5409.25,68.7444,-1.655,0.1007,0.118,15.95,192.0,5.6106,15.93,1.376,2.014,0.1298,8.77,16.49,4.585,양품
-0.6464,-0.0111,49.6614,16.3105,22.3413,-5926.25,66.2556,0.7569,0.0738,0.111,15.83,456.0,5.9938,15.85,0.9271,2.0255,0.0194,8.7812,18.56,3.23,양품
7.24,-0.0088,87.2521,4.2801,13.7074,-5551.75,68.4667,-0.1419,0.11,0.107,15.98,114.0,6.0587,15.89,0.9649,2.0107,0.0175,8.5459,18.67,3.879,양품
-2.8818,-0.0087,59.5136,13.7448,47.9614,-5389.75,68.1667,-0.5204,0.0737,0.047,15.89,373.0,6.6169,15.91,1.239,1.9905,0.02,8.8132,20.11,4.392,양품
-0.9409,-0.0073,70.8688,8.2302,9.1944,-5536.0,68.0,0.7569,0.0502,0.071,15.83,231.0,6.2044,15.85,0.9271,1.9883,0.0236,23.1583,19.48,3.23,양품
2.2855,-0.0062,42.0202,12.9442,34.0871,-6257.5,70.2667,1.04,0.0571,0.035,15.66,336.0,6.678,15.65,1.116,2.0055,,8.6706,22.74,4.406,양품
0.7227,-0.015,37.2712,20.4117,6.1952,-6585.75,67.4778,-0.5204,0.0491,0.094,15.89,595.0,5.8915,15.91,1.239,1.8927,0.0378,8.7867,18.55,4.392,양품
4.9073,-0.0128,28.18,6.8353,20.496,-5484.0,66.5778,-0.5204,0.1242,0.022,15.97,181.0,4.8511,15.95,1.447,1.977,0.0188,9.7324,15.73,4.41,양품
2.28,-0.0116,26.8108,19.3156,7.6363,-6495.25,67.5778,-0.5204,0.0665,0.101,15.97,604.0,7.8586,15.95,1.447,1.894,0.0478,9.2047,25.74,4.41,양품
0.9518,-0.0071,67.7249,12.4043,15.3185,-5353.0,67.9444,-0.1419,0.0592,0.184,15.98,312.0,6.1273,15.89,0.9649,1.9937,0.0174,23.1583,19.44,3.879,양품
1.2836,-0.012,28.3333,16.3817,6.6412,-6279.0,70.6889,-0.5204,0.1331,0.114,15.97,491.0,7.2355,15.95,1.447,1.884,0.0293,9.7836,20.75,4.41,양품
0.7064,-0.0096,43.5233,22.4198,1.6752,-6506.5,70.7111,-0.5204,0.0574,0.082,15.89,662.0,7.5293,15.91,1.239,1.8885,0.09,8.7418,22.6,4.392,양품
2.6873,-0.0149,48.4441,16.9492,7.0127,-5761.0,68.5556,0.7569,0.0654,0.209,15.83,460.0,5.2869,15.85,0.9271,2.0315,0.2386,8.6005,16.05,3.23,양품
15.3073,-0.0109,69.8851,27.728,7.9003,-5518.75,69.5889,-0.5204,0.079,0.208,15.97,782.0,6.1786,15.95,1.447,1.997,0.0178,8.6527,21.32,4.41,불량
7.9755,-0.01,50.1253,14.0287,30.0954,-5160.25,68.2667,0.2365,0.0614,0.105,15.99,384.0,6.0237,15.92,1.338,2.0042,0.0309,8.7994,20.4,4.567,양품
-0.6591,-0.0022,249.711,12.2878,10.6089,-5542.5,71.9556,-0.1419,0.0977,0.122,15.94,304.0,6.3488,15.92,0.8845,1.9823,,8.6427,19.97,2.951,양품
-2.4609,-0.0092,66.2144,19.932,5.5676,-6484.0,71.6667,-0.1419,0.0623,0.07,15.94,572.0,5.8028,15.92,0.8845,1.882,0.0189,8.6895,18.1,2.951,양품
1.8173,-0.016,50.7439,20.3373,5.6853,-6349.75,67.9889,0.2365,0.1533,0.128,15.99,633.0,6.0042,15.92,1.338,1.8923,0.0205,9.5713,15.87,4.567,불량
-1.1391,-0.0078,69.12,10.5702,10.3652,-5750.0,69.9111,-0.1419,0.0734,0.098,15.94,279.0,5.7855,15.92,0.8845,1.9763,,8.6427,17.57,2.951,양품
-4.1518,-0.0097,73.0077,14.3069,4.4892,-5613.5,67.8444,-0.1419,0.0999,0.068,15.94,385.0,5.6536,15.92,0.8845,1.9527,,8.7219,17.26,2.951,양품
-0.6936,-0.0091,55.0206,57.645,4.2239,-5279.5,67.0,-0.1419,0.0621,0.055,15.94,1853.0,5.9975,15.92,0.8845,2.024,0.0152,8.5615,19.44,2.951,양품
0.1891,-0.0146,42.6117,24.1427,5.0727,-6466.0,69.3111,-0.5677,0.0953,0.125,15.99,741.0,4.3233,15.94,1.418,1.884,0.0213,8.659,15.47,5.261,양품
2.39,-0.0095,68.7831,15.7706,11.6197,-5172.25,68.6444,-0.1419,0.0889,0.113,15.94,418.0,6.3404,15.92,0.8845,2.006,,8.5615,21.43,2.951,양품
-0.9127,-0.009,64.5341,26.8978,2.3422,-6447.0,68.6556,-0.1419,0.0487,0.14,15.98,838.0,5.9491,15.89,0.9649,1.8825,0.2107,8.441,17.3,3.879,양품
0.9409,-0.0078,57.971,13.6008,20.5989,-5602.25,65.6889,-0.0946,0.0887,0.021,16.01,356.0,5.7667,15.95,0.946,2.016,0.0165,9.754,17.18,3.446,양품
-2.0555,-0.0091,41.8733,5.5403,8.617,-5640.0,66.1889,-0.0946,0.0714,0.116,16.01,146.0,6.8415,15.95,0.946,1.9795,0.0219,9.0776,20.39,3.446,양품
-3.1455,-0.0104,35.6627,24.7987,11.3588,-6470.75,67.5667,-0.0946,0.1001,0.107,16.04,747.0,6.7714,16.0,0.9176,1.8685,,8.5779,20.59,3.102,양품
1.5445,-0.01,38.143,13.7416,6.7838,-6545.0,70.2778,-0.2365,0.1201,0.093,15.74,414.0,6.3195,15.71,1.295,1.9053,0.0209,8.7219,17.71,4.332,양품
1.4373,-0.0088,79.8859,19.4313,9.5883,-5277.25,67.5333,-0.0946,0.0863,0.149,16.04,504.0,5.7578,16.0,0.9176,1.9743,0.0154,8.7812,16.63,3.102,양품
-6.0445,-0.0082,48.5584,23.0524,7.6766,-6474.25,63.1889,-0.0946,0.0503,0.109,16.01,722.0,5.4591,15.95,0.946,1.8782,0.0494,9.0776,17.58,3.446,양품
1.3791,-0.0101,36.6791,26.6044,8.2074,-6238.25,69.7667,-0.0946,0.2677,0.126,16.04,797.0,5.5712,16.0,0.9176,1.889,0.4289,8.5334,17.35,3.102,양품
-0.9618,-0.0059,70.7368,21.0597,6.2701,-6283.75,68.0556,-0.0946,0.0656,0.107,16.04,631.0,6.1471,16.0,0.9176,1.882,,8.5891,15.49,3.102,양품
1.6073,-0.011,43.7856,17.8339,20.7119,-5422.0,69.1333,-0.0946,0.0773,0.032,16.04,466.0,6.1799,16.0,0.9176,1.9783,0.1811,8.7219,17.62,3.102,양품
-2.5727,-0.0084,47.7612,19.6234,10.037,-6286.75,67.2556,-0.0946,0.0769,0.131,16.04,607.0,5.8506,16.0,0.9176,1.8782,0.0131,23.1583,16.9,3.102,양품
3.3918,-0.0104,28.0193,26.0803,6.6912,-6590.75,67.3778,0.615,0.0707,0.135,15.97,765.0,5.1635,15.98,0.9649,1.8803,,8.7696,17.77,3.511,양품
-1.3773,-0.0102,45.9096,11.7515,8.455,-6386.75,67.2667,-0.2365,0.1083,0.064,15.74,341.0,5.8336,15.71,1.295,1.867,,9.0425,18.82,4.332,양품
2.0336,-0.0098,32.57,8.9851,11.7748,-5520.25,69.8889,0.615,0.1038,0.075,15.97,251.0,5.78,15.98,0.9649,1.995,0.0247,8.5615,19.42,3.511,양품
1.5755,-0.0067,129.0807,4.3537,7.9396,-5529.25,66.6778,-0.4258,0.0843,0.086,16.02,120.0,5.8708,15.96,0.9554,2.0202,0.0191,9.0121,18.69,3.099,양품
2.5336,-0.0113,41.6851,21.4292,7.0184,-6454.5,67.8111,0.615,0.1127,0.132,15.97,617.0,5.6773,15.98,0.9649,1.8885,0.0135,8.77,18.73,3.511,양품
-1.7327,-0.0088,70.4545,11.2895,20.9647,-5566.5,66.4444,0.0,0.0696,0.1,16.02,290.0,5.9265,15.96,1.068,1.98,,8.7662,17.39,3.267,양품
-5.1655,-0.011,47.3804,20.9607,9.1772,-6374.5,69.4778,0.0,0.0945,0.083,15.98,648.0,5.957,15.97,0.9554,1.8952,0.0226,8.8384,15.89,3.673,양품
-5.0027,-0.0092,53.406,23.8572,4.4504,-6381.5,67.6444,0.615,0.1167,0.116,15.97,762.0,6.2772,15.98,0.9649,1.8878,0.0288,8.5459,17.61,3.511,양품
-1.0082,-0.008,67.9245,20.6217,6.591,-6630.25,68.8778,0.0,0.0668,0.116,16.02,607.0,6.0708,15.96,1.068,1.8798,0.0444,8.7662,19.8,3.267,양품
2.0591,-0.0097,39.3273,16.453,16.0396,-5349.25,69.2222,0.1892,0.0529,0.102,15.67,494.0,5.6631,15.68,1.48,2.001,0.0191,8.7812,17.68,4.997,양품
-0.17,-0.0086,77.193,14.1521,63.4189,-4557.0,69.1222,0.0,0.0515,0.118,16.02,367.0,5.723,15.96,1.068,2.0148,,8.77,19.16,3.267,양품
-1.8791,-0.0089,52.8833,20.7975,5.9825,-6301.75,69.8,0.0,0.1222,0.126,16.02,635.0,5.6399,15.96,1.068,1.8873,0.2123,8.5891,18.06,3.267,양품
53.6818,-0.0018,217.1429,20.8598,7.2591,-6405.75,68.6778,0.0473,0.0972,0.133,15.99,649.0,6.09,15.91,1.021,1.888,,23.1583,21.87,3.927,불량
2.1145,-0.0111,58.4927,18.7691,14.1583,-5438.5,67.4778,0.0,0.0874,0.082,16.02,507.0,6.1786,15.96,1.068,1.999,0.0324,8.5788,18.98,3.267,양품
-0.9918,-0.0086,47.4674,16.5029,14.0579,-6316.75,69.4111,0.0,0.0958,0.101,16.02,504.0,5.7143,15.96,1.068,1.8915,,8.8384,18.39,3.267,양품
-0.8045,-0.0118,55.1432,22.1602,8.433,-6190.0,67.9111,0.0473,0.1067,0.135,15.97,675.0,6.1287,15.96,0.9602,1.8888,0.0175,8.5855,19.26,3.438,양품
0.5791,-0.0092,32.6975,20.8115,8.0778,-6449.75,68.1889,0.0,0.0837,0.07,15.98,636.0,5.8077,15.97,0.9554,1.8847,,8.3324,22.81,3.673,양품
-4.8145,-0.0096,68.0628,11.7541,40.2855,-5989.75,69.0222,0.0473,0.0744,0.08,15.97,360.0,5.4046,15.96,0.9602,2.0175,,8.7932,16.24,3.438,양품
-0.0964,-0.0089,61.8847,23.4263,5.4593,-6392.75,68.3333,0.0473,0.1344,0.073,15.97,722.0,6.354,15.96,0.9602,1.8953,,8.5779,18.34,3.438,양품
0.34,-0.013,54.6154,19.5254,22.9874,-5416.0,68.7333,-0.9461,0.0483,0.115,15.95,506.0,5.2238,15.96,0.9554,2.0103,0.0153,8.8043,17.13,3.523,양품
1.5127,-0.0096,40.4669,26.3925,8.7479,-6447.25,66.2778,0.0473,0.0842,0.166,15.97,783.0,6.4961,15.96,0.9602,1.8693,,8.5779,20.93,3.438,양품
-19.9927,-0.0095,58.9474,19.4214,4.9042,-5362.75,66.7556,0.0,0.1,0.111,15.98,527.0,5.4082,15.97,0.9554,1.9795,0.0149,9.0121,17.57,3.673,양품
0.0855,-0.0071,77.6014,19.1422,6.5351,-6411.5,64.1,-0.9461,0.0793,0.119,15.95,588.0,6.0653,15.96,0.9554,1.8828,,9.2016,16.63,3.523,양품
3.65,-0.01,46.2312,14.5966,34.1813,-5936.0,68.4111,0.0,0.084,0.08,15.98,389.0,5.7741,15.97,0.9554,2.0005,0.019,9.0121,18.85,3.673,양품
5.1,-0.0097,28.7179,24.2454,5.4246,-6415.25,68.5444,0.0473,0.0846,0.122,15.97,749.0,6.7454,15.96,0.9602,1.8885,,8.5687,21.24,3.438,양품
2.4673,-0.0083,53.092,16.7571,16.4002,-5597.5,69.5222,1.939,0.086,0.033,15.93,448.0,5.4168,15.91,0.9791,2.0088,,8.7283,18.3,3.529,양품
-2.6673,-0.0109,65.9039,15.3933,8.6738,-5280.25,66.9,0.2365,0.0879,0.126,15.95,407.0,5.6513,15.94,0.9602,1.992,0.0238,8.7812,17.58,3.208,양품
3.8,-0.009,46.473,20.6761,10.052,-6347.0,69.2667,-0.9461,0.074,0.153,15.95,607.0,5.8848,15.96,0.9554,1.8808,0.0167,8.6005,19.21,3.523,양품
0.3418,-0.0136,33.0579,12.8216,5.6182,-6407.75,67.2111,0.0473,0.0642,0.064,15.97,390.0,5.6284,15.96,0.9602,1.9023,0.0242,9.4257,16.99,3.438,양품
0.23,-0.0101,39.7516,21.0369,7.3258,-6470.25,66.3889,0.0473,0.0971,0.118,15.97,633.0,5.9714,15.96,0.9602,1.8828,,8.5779,17.33,3.438,양품
-0.7482,-0.0063,97.8304,13.8559,54.274,-4621.0,69.1,0.2365,0.0777,0.145,15.95,365.0,6.1884,15.94,0.9602,2.0112,,8.5288,18.29,3.208,양품
2.74,-0.0092,56.445,20.0303,6.803,-6453.0,68.7,0.2365,0.0993,0.142,15.95,594.0,6.232,15.94,0.9602,1.9,0.0132,8.7696,19.29,3.208,양품
0.1491,-0.0096,27.154,23.7732,5.1207,-6288.25,69.2444,0.0473,0.0663,0.127,15.97,717.0,5.6739,15.96,0.9602,1.8933,0.0168,8.5891,16.39,3.438,양품
1.4982,-0.0075,54.7579,7.73,19.1516,-5085.75,66.3111,-0.8042,0.0865,0.118,16.0,213.0,6.8363,15.95,0.9649,1.9795,,9.0425,26.06,3.486,양품
-0.3518,-0.0083,61.4458,25.1758,7.7045,-6295.0,68.0333,0.0473,0.0781,0.146,15.97,761.0,6.4137,15.96,0.9602,1.893,0.0223,9.7836,18.56,3.438,양품
1.7991,-0.0103,32.0388,17.3341,3.5791,-6370.25,68.1333,0.4258,0.1046,0.113,15.95,540.0,5.6688,15.9,0.9838,1.9058,0.1441,9.3335,17.6,3.383,양품
-1.71,-0.0091,38.4088,22.6653,5.6476,-6551.5,71.3556,1.939,0.0942,0.108,15.93,648.0,5.7864,15.91,0.9791,1.882,,8.6427,17.0,3.529,양품
2.1918,-0.0091,67.9452,17.3331,5.1417,-6534.75,69.8222,0.0473,0.082,0.09,15.99,492.0,5.4827,15.91,1.021,1.8865,,8.77,19.41,3.927,양품
-0.2282,-0.011,59.2255,20.5727,4.7653,-6295.5,68.9778,1.939,0.0888,0.088,15.93,625.0,5.3561,15.91,0.9791,1.8942,0.0224,8.5788,16.6,3.529,양품
-2.7427,-0.0102,60.6357,17.1008,47.5142,-5994.0,67.9556,1.939,0.1,0.145,15.93,476.0,6.2209,15.91,0.9791,2.0013,,8.9635,18.85,3.529,양품
1.0336,-0.0119,36.2869,20.9581,28.2878,-6900.5,67.0222,0.4258,0.0858,0.108,15.95,642.0,6.5621,15.9,0.9838,1.8847,,8.5891,24.14,3.383,양품
-1.2336,-0.01,103.1289,17.8707,5.6413,-6204.25,69.5444,0.0473,0.1018,0.114,15.99,530.0,5.6324,15.91,1.021,1.8865,0.0226,8.5855,16.81,3.927,양품
3.9309,-0.0091,48.1532,21.981,21.4597,-5442.75,70.6222,-0.615,0.0963,0.124,15.8,572.0,6.3707,15.79,0.9507,2.0475,0.0152,8.5135,20.84,3.884,양품
3.1845,-0.0118,35.518,27.6341,7.2888,-6448.25,69.1444,1.939,0.0671,0.109,15.93,815.0,7.1628,15.91,0.9791,1.8815,0.0169,8.5779,22.68,3.529,양품
3.5264,-0.0072,75.5245,21.0508,7.1306,-6535.25,67.9333,-0.8042,0.0658,0.135,16.0,618.0,4.6328,15.95,0.9649,1.8915,0.0168,8.7662,15.62,3.486,양품
0.8764,-0.011,60.1367,0.0,0.0,0.0,69.3333,1.939,0.1004,0.0,15.93,0.0,6.5683,15.91,0.9791,0.0,,8.7696,21.52,3.529,양품
-1.9682,-0.0082,52.2003,12.5302,13.6879,-5442.75,66.9889,0.4258,0.068,0.073,15.95,337.0,7.4635,15.9,0.9838,2.0042,0.0516,8.5334,21.23,3.383,양품
3.2964,-0.0083,52.9323,14.1156,5.7039,-6451.75,66.6,-0.9461,0.0933,0.103,15.95,415.0,5.7283,15.96,0.9554,1.859,,9.1156,18.38,3.523,양품
4.3818,-0.0065,90.2486,22.0158,8.4378,-6364.25,69.1111,0.2365,0.1105,0.09,15.95,634.0,5.4181,15.94,0.9602,1.8895,0.0242,8.7568,18.02,3.208,양품
0.5082,-0.0087,88.2521,20.0112,15.866,-5521.25,69.9,-0.1419,0.0573,0.176,15.98,537.0,6.2989,15.89,0.9649,2.0125,0.0184,8.5615,22.67,3.879,양품
0.4373,-0.0102,46.3054,16.1047,6.0786,-6317.25,66.7,0.0473,0.0623,0.093,15.97,480.0,6.4175,15.96,0.9602,1.8848,,9.1156,21.86,3.438,양품
-0.6609,-0.0142,43.6236,18.4785,30.0989,-5508.5,68.1111,-0.615,0.0547,0.156,15.8,487.0,6.5332,15.79,0.9507,1.9788,0.0118,8.7812,19.1,3.884,양품
2.5055,-0.0082,74.277,12.5035,19.1646,-5249.25,74.6667,0.2365,0.0779,0.196,15.95,332.0,7.2215,15.94,0.9602,1.9752,,8.3331,23.99,3.208,양품
0.4027,-0.0096,41.5045,21.2273,7.2968,-6564.5,68.3333,-0.615,0.1012,0.133,15.8,614.0,5.0057,15.79,0.9507,1.8965,0.0161,8.7696,14.08,3.884,양품
-1.2973,-0.0115,26.2009,12.9163,19.121,-5648.25,67.7556,1.939,0.0863,0.12,15.93,350.0,4.4843,15.91,0.9791,2.018,,8.5334,15.3,3.529,양품
4.4827,-0.0092,82.3848,21.3817,9.0251,-6249.25,69.4778,0.0473,0.0555,0.108,15.87,643.0,5.4552,15.86,0.9365,1.884,0.0115,8.5855,16.81,3.541,양품
0.3036,-0.01,48.1807,10.8139,9.704,-5667.75,69.6333,0.4258,0.073,0.043,15.95,283.0,6.3964,15.9,0.9838,2.0075,0.0184,9.308,19.56,3.383,양품
2.5718,-0.0108,23.2558,9.8348,1.4705,-5440.5,67.2778,-0.615,0.0846,0.141,15.8,262.0,6.57,15.79,0.9507,2.0015,0.0262,9.6938,19.2,3.884,양품
-0.0555,-0.0133,36.773,18.8235,13.2257,-5701.0,70.0556,-0.615,0.1288,0.146,15.8,500.0,6.2269,15.79,0.9507,1.993,,8.7283,17.81,3.884,양품
-0.4455,-0.008,67.2897,21.497,5.643,-6308.75,67.7444,-0.615,0.0734,0.118,15.8,662.0,5.3724,15.79,0.9507,1.8855,0.0337,8.8384,17.72,3.884,양품
-1.1582,-0.0098,66.4962,25.3692,6.8535,-6449.25,70.0222,-0.615,0.1306,0.093,15.8,773.0,5.6406,15.79,0.9507,1.8793,0.0334,8.9546,18.23,3.884,양품
-0.4073,-0.0106,32.9412,25.0646,27.6303,-6724.5,70.1,-0.615,0.0959,0.136,15.8,752.0,5.8332,15.79,0.9507,1.8935,,8.5334,20.19,3.884,양품
0.1155,-0.0079,64.455,13.4784,19.0215,-5646.25,69.4222,-0.1419,0.0411,0.131,15.98,350.0,7.5303,15.89,0.9649,2.0027,0.028,8.5788,23.2,3.879,양품
-8.64,-0.0067,93.3333,11.8283,20.596,-5336.0,68.7333,-0.615,0.1108,0.035,15.8,312.0,5.2204,15.79,0.9507,1.9933,0.0175,8.5788,15.45,3.884,양품
3.19,-0.0108,45.4756,47.8713,11.983,-5699.75,69.4,0.4258,0.0917,0.097,15.95,1428.0,6.2613,15.9,0.9838,2.0112,,8.7283,17.28,3.383,양품
-2.0836,-0.0104,35.6627,8.4789,6.4235,-5386.5,67.9778,0.4258,0.072,0.1,15.95,210.0,5.9629,15.9,0.9838,2.0112,0.0123,8.7568,23.28,3.383,양품
-1.1527,-0.0101,37.4846,27.2534,31.2387,-5374.75,69.5889,-0.615,0.0682,0.183,15.8,706.0,5.2162,15.79,0.9507,2.0155,0.026,8.5615,16.9,3.884,양품
2.99,0.0203,20.6769,29.3266,13.7662,-5513.5,65.9111,0.0473,0.1584,0.142,15.87,846.0,5.0532,15.86,0.9365,2.0317,0.0168,9.754,15.67,3.541,양품
1.5582,-0.0086,68.8047,25.2308,7.9739,-6433.5,69.8444,0.4258,0.0967,0.135,15.95,779.0,5.9053,15.9,0.9838,1.8872,0.0192,8.441,19.44,3.383,양품
-0.5464,-0.0097,22.6221,28.4303,23.642,-6374.25,68.1667,0.0473,0.0734,0.127,15.87,849.0,6.4715,15.86,0.9365,1.8805,,8.7696,21.98,3.541,양품
2.8618,-0.0071,65.0177,8.0938,14.209,-5538.75,69.8,-0.4731,0.0796,0.067,15.88,214.0,6.549,15.86,0.9176,1.9932,0.0222,8.77,23.36,3.358,양품
-4.4482,-0.009,89.1365,13.2295,10.2493,-6507.75,66.6778,0.0473,0.038,0.063,15.87,395.0,6.724,15.86,0.9365,1.8772,0.0184,9.1156,21.14,3.541,양품
2.43,-0.0082,48.5584,17.9061,14.0812,-5397.25,68.9444,1.939,0.0615,0.092,15.93,487.0,6.1488,15.91,0.9791,2.0098,,8.4896,21.62,3.529,양품
1.17,-0.007,45.5516,10.0493,10.9814,-5545.75,66.1778,-0.4731,0.0904,0.128,15.88,265.0,6.3433,15.86,0.9176,1.9935,0.1454,8.8132,21.11,3.358,양품
-1.93,-0.0142,39.3327,22.2889,4.1502,-6529.75,70.4111,0.2365,0.1136,0.135,15.95,650.0,5.5841,15.94,0.9602,1.8898,0.0174,8.7418,16.25,3.208,양품
2.6373,-0.0083,36.1991,20.3477,8.3176,-6468.25,68.7222,0.0473,0.0735,0.083,15.87,591.0,5.2818,15.86,0.9365,1.896,,8.7568,16.83,3.541,양품
3.4827,-0.0099,42.3707,10.5671,10.2274,-5573.25,67.6111,0.2365,0.1187,0.055,15.95,273.0,6.1437,15.94,0.9602,2.0022,0.0113,8.8132,23.22,3.208,양품
2.0173,-0.0099,42.3174,11.9017,24.6669,-5760.75,68.2556,-0.4731,0.0598,0.149,15.88,304.0,4.6202,15.86,0.9176,2.0042,0.238,8.77,14.39,3.358,양품
1.5527,-0.0106,51.0638,19.5748,11.9422,-5618.75,59.9667,0.7569,0.0699,0.088,15.9,587.0,4.6827,15.82,1.002,1.8725,0.0218,9.3851,15.32,3.483,양품
-8.6982,-0.0102,26.4059,20.7715,5.9211,-6417.75,72.2667,-0.4731,0.0923,0.118,15.88,626.0,4.7052,15.86,0.9176,1.885,0.019,8.441,15.74,3.358,양품
-2.3391,-0.01,196.0199,8.4704,17.2339,-5442.75,69.2,-0.4731,0.0813,0.045,15.88,224.0,6.1435,15.86,0.9176,1.9875,,8.7812,19.59,3.358,양품
4.1782,-0.0092,59.0164,27.1552,3.9065,-6425.25,70.3,0.7569,0.07,0.145,15.9,856.0,6.7404,15.82,1.002,1.8968,0.0186,8.5232,22.71,3.483,양품
4.1455,-0.0075,92.4623,7.5793,13.0532,-5247.75,67.7556,-0.4731,0.0557,0.04,15.88,200.0,6.5758,15.86,0.9176,2.0245,0.0174,8.5288,18.71,3.358,양품
4.0555,-0.0112,58.0357,12.5878,2.4624,-6660.25,69.2667,0.7569,0.149,0.094,15.9,372.0,5.5267,15.82,1.002,1.8872,,8.7696,17.89,3.483,양품
1.54,-0.0075,120.603,19.8087,6.0693,-6656.5,68.7,0.2365,0.0946,0.11,15.95,580.0,6.5531,15.94,0.9602,1.8868,,8.7662,19.98,3.208,양품
2.8627,-0.0108,58.2659,10.7905,5.9292,-6375.25,68.3222,0.0473,0.1156,0.106,15.87,316.0,5.045,15.86,0.9365,1.8722,,9.0425,16.75,3.541,양품
1.7755,-0.0142,36.0106,4.1728,2.6791,-6233.5,65.8556,1.939,0.0456,0.044,15.93,120.0,6.7019,15.91,0.9791,1.8585,0.0192,9.0425,20.78,3.529,양품
16.6491,-0.008,39.8754,99.9089,15.9346,-5748.5,67.5,0.7569,0.066,0.068,15.9,3290.0,5.2334,15.82,1.002,2.0285,,8.8132,16.43,3.483,불량
1.9255,-0.0092,60.1093,22.6115,5.127,-5519.75,67.3889,-0.4731,0.0906,0.109,15.88,626.0,5.4746,15.86,0.9176,1.9988,,9.0121,18.94,3.358,양품
-1.3727,-0.0089,42.6966,23.7717,3.0224,-6385.75,69.7778,-0.5204,0.0646,0.111,15.89,704.0,5.802,15.85,0.9933,1.8805,0.0302,8.4896,18.16,3.615,양품
2.6218,-0.0101,61.3861,15.1789,7.8291,-6284.25,68.7667,0.7569,0.0672,0.11,15.9,454.0,6.9764,15.82,1.002,1.8962,,8.4896,19.29,3.483,양품
-0.7782,-0.0107,45.6345,7.0523,40.3902,-6048.5,67.8556,-0.1892,0.085,0.069,15.86,185.0,5.1135,15.82,0.9933,2.0128,0.033,8.7568,19.67,3.538,양품
-0.3918,-0.0106,26.5089,16.4791,16.6416,-5486.25,68.3778,0.0473,0.0677,0.049,15.79,454.0,5.6784,15.78,0.9554,2.0093,0.019,8.7932,18.54,3.495,양품
-0.9691,-0.0111,24.2424,7.2215,28.2226,-5201.5,74.1333,0.0473,0.044,0.173,15.79,177.0,5.5702,15.78,0.9554,1.9472,0.4027,8.3273,17.59,3.495,양품
5.0955,-0.0093,62.5337,13.481,24.0029,-5553.5,69.1444,0.4258,0.0437,0.198,15.85,353.0,5.2581,15.82,0.9933,1.9713,0.0142,8.7662,17.21,3.476,양품
-1.1173,-0.0091,45.9016,21.1591,6.1266,-6316.75,69.6111,0.0473,0.1046,0.13,15.87,659.0,5.9137,15.86,0.9365,1.8912,,8.8384,17.32,3.541,양품
3.3364,-0.0099,56.7089,13.8416,7.2093,-6394.5,72.9,0.0473,0.0637,0.086,15.79,413.0,5.9788,15.78,0.9554,1.8847,0.0269,8.4896,18.57,3.495,양품
0.9827,-0.0106,63.0588,22.3267,5.0859,-6331.25,70.6,0.4258,0.0722,0.102,15.85,677.0,7.4488,15.82,0.9933,1.891,0.014,8.4896,23.49,3.476,양품
-0.6727,-0.0112,29.3333,7.6311,8.4111,-6325.0,74.5222,-0.5204,0.0609,0.062,15.89,230.0,5.988,15.85,0.9933,1.8662,0.0126,8.3436,20.37,3.615,양품
-0.7891,-0.0091,66.941,21.576,18.0326,-5728.5,74.2222,0.0946,0.1004,0.134,15.65,575.0,5.1461,15.68,0.9365,1.9572,0.0205,8.3273,18.28,3.496,양품
1.7618,-0.0101,45.6576,21.5178,3.1666,-6410.75,74.1333,0.0473,0.0459,0.087,15.79,650.0,5.9455,15.78,0.9554,1.8847,0.0198,8.3436,20.15,3.495,양품
2.4582,-0.0125,55.7769,21.4514,13.5769,-5487.25,73.9778,0.0946,0.0464,0.215,15.65,603.0,6.1671,15.68,0.9365,1.957,0.0214,8.3273,17.29,3.496,양품
2.9373,-0.0102,42.0538,14.2305,5.7792,-6627.25,66.7333,0.0946,0.0635,0.086,15.65,414.0,6.3738,15.68,0.9365,1.853,0.0169,9.22,20.68,3.496,양품
1.9491,-0.0114,32.3497,12.9445,67.9366,-4685.25,67.2444,0.0946,0.044,0.113,15.65,354.0,6.8891,15.68,0.9365,1.9935,0.0222,8.7932,20.82,3.496,양품
-1.4191,-0.009,36.8715,20.7579,7.2068,-6424.5,66.0889,1.04,0.0892,0.102,15.68,619.0,6.6799,15.67,1.045,1.8812,0.0146,9.22,19.11,3.79,양품
0.2527,-0.014,32.1142,13.4447,7.9258,-5501.0,68.7,0.0946,0.059,0.109,15.65,342.0,4.8681,15.68,0.9365,1.9992,0.022,8.7073,13.55,3.496,양품
1.5927,-0.0094,44.5033,7.8038,24.1968,-5314.75,68.4778,0.0946,0.0929,0.172,15.65,210.0,6.0304,15.68,0.9365,1.9835,,8.7867,19.95,3.496,양품
1.1845,-0.0104,31.769,24.8463,12.9371,-5519.0,66.1444,0.0946,0.0622,0.075,15.65,697.0,5.1183,15.68,0.9365,2.0095,0.0152,9.22,12.61,3.496,양품
-1.5764,-0.0112,28.6674,22.5666,5.5913,-6492.25,71.5778,0.0946,0.0512,0.118,15.65,648.0,5.9451,15.68,0.9365,1.8887,0.014,8.7073,21.56,3.496,양품
-0.2718,-0.0104,53.076,25.6275,44.3303,-5549.25,68.5444,0.0,0.0593,0.222,15.62,707.0,5.6306,15.61,0.946,1.9692,0.0185,8.5615,18.34,3.946,양품
-2.0291,-0.0121,200.823,11.4565,35.9947,-6284.25,74.1778,0.0,0.0821,0.153,15.62,293.0,6.7291,15.61,0.946,1.977,0.0156,8.3273,19.91,3.946,양품
3.5355,-0.0093,44.1454,18.7304,7.3837,-6338.25,66.2889,0.0,0.0791,0.104,15.62,582.0,5.57,15.61,0.946,1.9043,0.0171,9.754,19.56,3.946,양품
0.8236,-0.0096,35.5556,57.0563,29.7415,-6190.0,74.5444,0.0,0.0589,0.168,15.62,1412.0,5.5964,15.61,0.946,1.9675,0.2135,8.5889,19.14,3.946,양품
-2.5836,-0.0108,40.6936,18.5985,20.1874,-5335.0,68.1,0.6623,0.0476,0.085,15.96,495.0,5.7088,15.93,1.097,1.9835,0.0293,9.6938,17.76,3.927,양품
3.4491,-0.0088,59.3438,13.5774,34.657,-5747.75,74.3333,0.0,0.069,0.113,15.82,356.0,5.4266,15.9,0.9507,1.9765,,8.8889,18.49,3.905,양품
1.0518,-0.0095,60.0791,17.8655,4.1476,-5617.75,74.2333,0.0,0.0544,0.128,15.82,475.0,5.1335,15.9,0.9507,1.985,,8.8889,16.88,3.905,양품
3.4391,-0.0085,34.2688,4.8543,2.7083,-5797.0,74.2778,0.0,0.0859,0.141,15.82,132.0,5.4492,15.9,0.9507,1.9648,,8.8889,19.41,3.905,양품
-1.89,-0.0085,78.8235,24.512,10.25,-6351.25,71.4,0.2838,0.0743,0.108,15.61,744.0,5.8554,15.59,1.068,1.8832,,8.4855,18.44,3.796,양품
1.1627,-0.0131,37.3333,20.6479,17.7497,-5532.5,74.4444,0.0473,0.0553,0.148,15.72,537.0,5.1306,15.67,1.031,2.0198,,8.2638,16.86,4.756,양품
-0.3236,-0.0118,33.9703,21.6572,8.2186,-6375.75,68.9556,0.0473,0.0847,0.133,15.72,658.0,6.6782,15.67,1.031,1.8905,,9.3335,20.81,4.756,양품
2.1645,-0.0079,69.5103,5.0489,8.8602,-5428.75,74.9111,0.0473,0.0955,0.084,15.72,142.0,6.0185,15.67,1.031,1.9703,,8.2823,18.3,4.756,양품
-1.9891,-0.0072,63.5579,10.5244,16.1829,-5685.0,71.6889,0.2838,0.0839,0.144,15.61,295.0,6.0701,15.59,1.068,2.0183,,8.4896,17.99,3.796,양품
-0.2482,-0.0112,30.2895,14.2392,13.0656,-5464.75,71.1333,0.0473,0.0616,0.231,15.72,350.0,5.9776,15.67,1.031,1.9865,0.0354,8.7073,21.78,4.756,양품
-1.6436,-0.0078,47.36,22.1383,13.9904,-5539.5,73.7,0.0473,0.0712,0.103,15.72,557.0,5.4022,15.67,1.031,2.0,,8.2823,16.92,4.756,양품
5.1773,-0.0075,60.1002,24.1722,6.9247,-5458.75,73.3,0.0473,0.0861,0.107,15.72,657.0,5.8757,15.67,1.031,1.9968,,8.2638,20.58,4.756,양품
5.8045,-0.0114,36.8825,6.7341,5.0433,-5452.75,66.8222,0.2838,0.0991,0.093,15.61,178.0,6.0902,15.59,1.068,2.007,0.0177,8.7932,19.11,3.796,양품
-2.3691,-0.0127,35.2941,21.039,18.5488,-5623.0,66.6889,0.2838,0.0651,0.098,15.61,567.0,5.4572,15.59,1.068,1.9835,0.0205,9.6938,16.18,3.796,양품
5.9491,-0.0139,32.491,14.5119,5.9164,-5831.25,74.6111,0.0473,0.0708,0.078,15.78,385.0,5.643,15.86,0.9933,1.9908,,8.2823,16.18,3.877,양품
5.4964,-0.0073,53.6082,39.3523,20.1392,-5422.25,75.9111,0.1419,0.0913,0.238,15.63,1203.0,4.642,15.62,1.059,2.0063,,8.2823,14.72,4.171,양품
4.1464,-0.0099,62.7054,8.8433,17.1924,-5618.75,74.9667,0.1419,0.0551,0.075,15.63,233.0,5.0675,15.62,1.059,1.9672,,8.5889,15.18,4.171,양품
3.8164,-0.0073,94.8454,,,,,0.1419,0.0657,,15.63,,5.5321,15.62,1.059,,0.0212,8.7144,16.84,4.171,양품
2.7582,-0.0062,80.4829,11.4813,7.2192,-6482.75,66.4,0.1419,0.0658,0.052,15.63,342.0,6.3173,15.62,1.059,1.873,0.014,9.1156,21.92,4.171,양품
-3.0355,-0.0097,85.8991,23.382,9.4823,-5789.75,66.0556,0.1419,0.0607,0.085,15.63,653.0,5.1808,15.62,1.059,2.0105,0.0395,9.7324,16.92,4.171,양품
-1.0991,-0.0085,35.2423,7.4493,7.3013,-5273.0,68.0556,0.1419,0.0566,0.072,15.63,191.0,5.4346,15.62,1.059,2.0045,0.051,8.5855,17.44,4.171,양품
-0.9045,-0.01,18.929,18.9454,7.1764,-6549.25,69.3667,0.2838,0.0875,0.099,15.61,547.0,5.4403,15.59,1.068,1.8915,0.0157,8.7696,18.57,3.796,양품
0.0282,-0.0107,31.7386,29.21,12.5057,-5469.5,73.3778,0.2838,0.0623,0.089,15.61,745.0,6.7423,15.59,1.068,1.9703,0.014,8.5889,18.75,3.796,양품
-2.1173,-0.0094,48.1283,27.4365,22.1598,-5248.25,68.1444,0.1419,0.0601,0.301,15.63,670.0,5.8922,15.62,1.059,1.972,0.0299,8.8519,19.74,4.171,양품
-3.1518,-0.0092,14.1113,7.508,3.0637,-6364.75,66.3778,0.2838,0.0549,0.061,15.61,224.0,8.4508,15.59,1.068,1.8693,,9.22,29.08,3.796,양품
-1.4173,-0.0163,25.2308,33.236,25.2645,-5410.75,75.8111,0.2838,0.0909,0.157,15.73,967.0,5.4323,15.76,0.9271,1.9772,,8.3006,20.54,3.703,양품
0.8536,-0.0081,61.4439,6.1865,11.1265,-5428.5,65.9444,0.2838,0.1116,0.048,15.73,163.0,5.6452,15.76,0.9271,1.9985,0.0534,9.6938,18.54,3.703,양품
-0.1391,-0.0119,37.7358,67.24,13.5156,-5467.75,73.3556,0.2838,0.0739,0.077,15.73,2111.0,5.3831,15.76,0.9271,1.9417,,8.3006,16.97,3.703,양품
-1.9982,-0.0083,59.97,17.0146,44.1527,-6285.0,76.8556,0.2838,0.0817,0.064,15.73,436.0,5.2257,15.76,0.9271,2.035,,8.3006,17.02,3.703,양품
0.5564,-0.0088,43.1206,24.3604,15.3673,-5342.5,76.4222,0.2838,0.0965,0.208,15.73,638.0,4.2563,15.76,0.9271,2.023,,8.3006,11.26,3.703,양품
-0.2418,-0.0099,57.7947,20.8815,8.3523,-6489.25,71.2889,0.1419,0.0601,0.123,15.63,591.0,8.1605,15.62,1.059,1.8913,0.0316,8.7073,31.71,4.171,양품
-1.7136,-0.0092,103.2609,18.1257,53.6851,-5098.25,73.3333,0.0,0.0772,0.151,15.51,499.0,5.5502,15.52,1.021,1.9892,,8.5407,17.82,3.797,양품
-1.3073,-0.0073,57.8313,18.5506,29.1518,-6301.5,71.4444,0.0,0.0688,0.088,15.51,487.0,6.2418,15.52,1.021,2.0265,,8.2638,18.6,3.797,양품
0.8827,-0.0079,87.7583,71.5377,12.3872,-5570.25,74.2889,0.2838,0.1347,0.131,15.73,2411.0,5.4597,15.76,0.9271,1.959,,8.3006,18.11,3.703,양품
3.2655,-0.0028,206.2222,97.4644,61.6845,-5636.75,67.4778,0.2838,0.0609,0.155,15.61,3421.0,6.0589,15.59,1.068,1.9775,,9.754,18.39,3.796,양품
1.0673,-0.0093,52.5469,11.2219,7.175,-5714.25,72.3778,0.2838,0.0669,0.122,15.73,304.0,5.4158,15.76,0.9271,1.974,,8.5003,18.33,3.703,양품
-0.1773,-0.0105,31.5789,23.6056,7.326,-5801.25,73.1222,0.1419,0.0437,0.101,15.63,656.0,5.6363,15.62,1.059,1.9623,0.1365,8.5889,19.5,4.171,양품
3.0791,-0.0117,35.1931,17.1731,12.2323,-5183.0,75.0,0.0473,0.088,0.059,15.78,462.0,5.8868,15.78,1.144,1.9922,0.0191,8.3006,19.42,4.666,양품
3.6664,-0.0088,65.7224,27.7461,50.5532,-4858.25,75.2222,0.0473,0.0758,0.212,15.78,718.0,5.2999,15.78,1.144,1.97,0.0144,8.5596,16.57,4.666,양품
4.0555,-0.0084,59.2593,19.3761,12.5521,-5218.25,71.6333,0.0473,0.1135,0.17,15.78,500.0,5.7105,15.78,1.144,1.945,,8.6074,21.06,4.666,양품
-3.2082,-0.0111,69.4476,16.1312,1.3405,-5520.25,74.3,-0.3784,0.0802,0.136,15.74,418.0,5.1408,15.77,1.144,2.0023,0.0486,8.3006,16.14,4.796,양품
-2.1182,-0.0101,64.4362,9.479,4.6041,-5408.25,72.7556,0.0473,0.1,0.195,15.78,267.0,5.119,15.78,1.144,1.9758,,8.5801,17.14,4.666,양품
0.4855,-0.0091,48.0874,15.5776,26.2984,-5160.0,75.0,0.0473,0.0889,0.144,15.78,444.0,4.8482,15.78,1.144,2.003,,8.3179,15.9,4.666,양품
0.3391,-0.0094,37.0861,11.6091,28.6329,-5116.5,72.6778,0.0473,0.0856,0.112,15.78,294.0,5.4988,15.78,1.144,2.006,,8.5889,18.74,4.666,양품
1.4345,-0.0096,27.0833,29.1982,13.6296,-5400.0,72.7444,-0.3784,0.0836,0.234,15.74,752.0,6.1477,15.77,1.144,1.9848,,8.3179,21.35,4.796,양품
1.8164,-0.0089,46.0028,31.2279,13.4479,-5763.0,75.2444,0.0,0.0722,0.179,15.66,817.0,5.7979,15.7,1.286,1.9367,0.0338,8.2638,19.49,5.244,양품
0.56,-0.0124,56.4516,14.9896,1.8241,-5646.5,72.6222,-0.3784,0.1003,0.165,15.74,397.0,5.029,15.77,1.144,2.0248,,8.5801,16.63,4.796,양품
-1.1427,-0.0064,73.2943,20.9995,10.5875,-5544.25,76.3556,0.0473,0.076,0.282,15.78,582.0,5.472,15.78,1.144,1.9905,,8.3006,18.21,4.666,양품
5.4718,-0.0107,52.3364,16.5391,10.0556,-5310.5,75.2667,-0.3784,0.1344,0.249,15.74,459.0,5.5698,15.77,1.144,1.9758,,8.2395,19.95,4.796,양품
-4.6736,-0.0086,37.1553,11.9584,19.1362,-5377.25,72.0778,-0.3784,0.0946,0.159,15.74,316.0,5.6868,15.77,1.144,1.9395,,8.6074,18.19,4.796,양품
1.2691,-0.0093,47.5034,8.4435,19.5523,-5528.75,72.3,0.0473,0.1304,0.199,15.78,230.0,5.5802,15.78,1.144,1.9955,0.0142,8.3179,17.3,4.666,양품
1.6309,-0.0074,41.8919,23.9017,12.4739,-5275.0,73.6889,0.0,0.0854,0.211,15.66,593.0,5.5936,15.7,1.286,1.9697,,8.3006,17.52,5.244,양품
3.1382,-0.0086,44.1219,17.1434,9.83,-5646.0,67.5333,0.0,0.1216,0.162,15.66,430.0,5.7609,15.7,1.286,1.996,,8.8424,20.47,5.244,양품
1.91,-0.0104,59.9034,9.0551,6.7873,-6468.0,72.9333,0.0473,0.0897,0.032,15.75,264.0,5.5644,15.75,1.059,1.878,,8.5003,19.38,4.024,양품
4.3955,-0.0108,24.102,21.2278,6.1816,-5645.75,71.0333,0.0473,0.0942,0.156,15.75,606.0,6.4329,15.75,1.059,1.976,,8.8836,21.88,4.024,양품
2.1173,-0.0092,43.3018,97.4334,50.9278,-4675.25,74.4667,0.0473,0.0876,0.128,15.78,3521.0,5.7019,15.78,1.144,1.991,,8.3179,18.94,4.666,양품
2.3855,-0.0096,72.0627,14.4816,10.0084,-5335.5,73.2778,0.0,0.1107,0.058,15.66,367.0,5.558,15.7,1.286,1.966,0.2285,8.2638,20.12,5.244,양품
1.2882,-0.0102,49.8778,38.2325,14.6801,-5197.5,72.4333,0.0473,0.0729,0.192,15.75,1101.0,5.3749,15.75,1.059,2.0048,0.0329,8.5596,16.56,4.024,양품
3.9027,-0.0106,33.9223,25.9463,14.1712,-5892.25,75.4556,0.0,0.0859,0.117,15.66,802.0,5.6221,15.7,1.286,1.992,0.0198,8.3006,20.21,5.244,양품
-2.5482,-0.009,70.9141,6.809,6.6701,-5322.25,72.9333,-0.3784,0.0927,0.154,15.74,177.0,4.904,15.77,1.144,2.0217,0.0076,8.5801,14.83,4.796,양품
1.5218,-0.0102,37.1184,44.5725,5.6353,-5536.5,74.6889,0.0473,0.1048,0.155,15.78,1276.0,5.8638,15.78,1.144,1.9648,,8.6074,21.28,4.666,불량
-0.8736,-0.0108,35.1852,7.2338,9.9564,-5393.5,67.2778,0.0473,0.0926,0.109,15.75,189.0,4.6235,15.75,1.059,1.9743,,9.754,13.47,4.024,양품
1.7073,-0.0088,45.4545,9.7485,11.6135,-5545.25,68.6111,-0.3784,0.0998,0.131,15.74,249.0,6.0207,15.77,1.144,1.9892,,8.7073,19.83,4.796,불량
2.1982,-0.0107,73.9181,6.0108,40.7531,-6002.0,70.9778,-0.1419,0.0761,0.068,15.54,159.0,5.8384,15.59,1.239,1.988,0.0411,8.7073,19.43,4.44,양품
2.4218,-0.0086,41.7391,16.1416,37.5544,-6313.5,69.5222,-1.135,0.088,0.178,15.73,424.0,5.6986,15.72,1.182,2.01,0.1122,8.5862,19.62,4.633,양품
4.9555,-0.0097,48.329,400.0,400.0,-1263.5,72.8778,-0.1419,0.0749,0.849,15.54,3280.0,5.7798,15.59,1.239,0.4138,0.0354,8.441,17.67,4.44,양품
1.8709,-0.0115,45.9372,14.7759,25.5261,-5512.0,67.0111,-1.135,0.0514,0.073,15.73,394.0,7.4754,15.72,1.182,2.0202,0.0569,8.7932,22.68,4.633,양품
0.7355,-0.0081,46.9861,12.8461,72.7998,-4386.0,73.3444,-0.1419,0.0872,0.038,15.54,377.0,6.5044,15.59,1.239,1.9633,0.0151,8.572,19.29,4.44,양품
1.2809,-0.0112,41.9175,26.8444,2.9602,-5371.25,72.5444,-0.5677,0.0798,0.143,15.67,725.0,6.2122,15.65,1.163,1.958,0.0174,8.3331,19.27,4.754,양품
5.5318,-0.0098,44.0461,15.4823,22.2222,-5553.0,75.3333,-0.5677,0.0738,0.181,15.67,378.0,5.3513,15.65,1.163,1.956,0.0241,8.3006,15.61,4.754,양품
-3.1227,-0.0111,45.9459,38.7634,14.4425,-5352.25,67.4111,-0.1419,0.0867,0.226,15.54,1047.0,5.5427,15.59,1.239,1.9775,0.2223,8.5862,18.9,4.44,양품
6.1855,-0.0117,62.5938,11.1327,19.8465,-5472.0,73.6778,-0.1419,0.0801,0.085,15.54,287.0,5.9816,15.59,1.239,1.9912,,8.2981,17.78,4.44,양품
1.9936,-0.0094,68.2667,8.5091,16.8397,-5611.75,75.3667,-0.5677,0.1043,0.108,15.67,228.0,5.7628,15.65,1.163,1.9665,0.0226,8.5407,18.91,4.754,양품
0.2436,-0.0086,57.2263,23.2034,12.48,-5456.75,72.8556,-1.135,0.0898,0.162,15.73,628.0,5.383,15.72,1.182,1.9937,0.0391,8.3331,18.44,4.633,양품
2.9073,-0.0101,59.1133,40.38,50.1082,-5196.75,75.2333,-0.5677,0.099,0.162,15.67,1020.0,4.3798,15.65,1.163,2.019,0.0603,8.2638,13.73,4.754,양품
0.3491,-0.007,42.6288,20.3227,20.9176,-5612.5,70.0111,-0.5677,0.0878,0.163,15.67,507.0,5.8604,15.65,1.163,2.0057,0.0178,8.897,19.83,4.754,양품
1.1136,-0.0102,58.5366,12.8129,33.6969,-5867.0,75.7222,-1.135,0.1102,0.206,15.73,334.0,5.3527,15.72,1.182,1.968,0.0185,8.2395,17.33,4.633,양품
1.3009,-0.0092,19.6721,10.5844,27.2383,-5143.5,75.0889,-1.135,0.0621,0.117,15.73,278.0,5.6737,15.72,1.182,1.9642,0.4793,8.2395,18.35,4.633,양품
2.1918,-0.0108,29.6984,58.2966,25.5357,-5611.75,73.1222,-0.8988,0.0679,0.198,15.79,1357.0,5.5559,15.86,1.239,2.014,0.0163,8.2395,18.52,4.853,양품
,-0.0106,50.8235,22.7805,4.867,-6616.0,71.8556,-0.8988,0.0903,0.133,15.79,671.0,5.6552,15.86,1.239,1.8923,0.0187,8.6706,17.63,4.853,양품
0.1809,-0.0082,75.2656,22.7003,9.9363,-5495.0,73.7222,-1.135,0.0783,0.23,15.73,583.0,4.5473,15.72,1.182,1.9932,0.0231,8.3179,12.34,4.633,양품
0.7482,-0.0102,37.3464,21.2954,5.3631,-5370.0,74.0111,-1.135,0.0862,0.232,15.73,554.0,5.1075,15.72,1.182,1.9463,0.0199,8.2395,18.57,4.633,양품
2.5491,-0.0103,38.9294,16.1962,9.2981,-5549.5,75.6222,-0.5677,0.1189,0.119,15.67,416.0,5.66,15.65,1.163,1.9675,0.035,8.3006,18.83,4.754,양품
-0.6645,-0.0081,26.0465,10.1205,5.4225,-6417.75,73.0556,-0.5677,0.0886,0.059,15.67,296.0,5.5983,15.65,1.163,1.8725,0.0255,8.5003,17.16,4.754,양품
6.1882,-0.0108,53.7659,11.9189,14.9074,-5440.25,71.4667,-0.8988,0.0621,0.091,15.79,307.0,6.0917,15.86,1.239,1.9525,0.0232,8.3273,19.06,4.853,양품
4.6209,-0.01,70.2635,19.2278,44.2168,-5563.5,74.4778,-0.1419,0.0799,0.155,15.54,503.0,5.4544,15.59,1.239,1.9648,0.0274,8.3542,18.69,4.44,양품
3.0345,-0.0115,34.8964,7.3059,6.2337,-5470.25,73.5667,-0.4258,0.071,0.098,15.8,196.0,4.7851,15.79,1.475,1.986,0.0203,8.4278,13.68,4.817,양품
-4.2064,-0.0088,39.8293,12.0197,10.0337,-5411.75,70.4778,-0.8988,0.1122,0.105,15.79,305.0,6.1271,15.86,1.239,1.988,0.02,9.0145,20.26,4.853,양품
6.1727,-0.0098,36.8758,15.0682,19.2616,-5762.75,74.8556,-0.5677,0.0691,0.115,15.67,381.0,5.7073,15.65,1.163,1.9748,0.019,8.3542,20.16,4.754,양품
7.3164,-0.0105,75.9193,13.8559,10.5098,-5585.25,74.5778,-0.4258,0.0666,0.096,15.8,365.0,6.3023,15.79,1.475,2.0025,,8.3588,19.55,4.817,양품
4.5918,-0.0091,73.4247,114.0262,28.9041,-5753.5,70.1556,-0.4258,0.0954,0.188,15.8,3892.0,5.7703,15.79,1.475,2.0227,,9.0145,18.68,4.817,양품
3.2273,-0.0076,87.4172,20.0462,64.5805,-4961.25,65.8,-1.135,0.1097,0.128,15.73,542.0,5.7088,15.72,1.182,1.9948,0.0228,8.6068,17.21,4.633,불량
6.6827,-0.0101,59.4059,9.5578,14.8215,-5505.5,71.0333,-0.4258,0.0963,0.154,15.8,261.0,6.2277,15.79,1.475,2.01,,8.572,19.19,4.817,양품
-4.6636,-0.0127,42.6036,12.7324,6.8839,-5592.75,67.9889,-0.4258,0.0842,0.102,15.8,363.0,4.5792,15.79,1.475,2.0313,,9.9964,14.56,4.817,양품
3.5945,-0.0095,32.6316,24.0535,16.1864,-5578.75,70.1667,-0.8988,0.0969,0.178,15.79,594.0,5.966,15.86,1.239,2.0383,0.043,9.131,20.4,4.853,양품
2.4182,-0.0105,43.0108,14.0792,8.6172,-5349.75,75.4333,-0.4258,0.0797,0.119,15.8,375.0,5.96,15.79,1.475,1.986,0.0193,8.5596,19.31,4.817,양품
4.6209,-0.0093,49.5289,18.5739,18.3576,-5714.25,71.3222,-0.1419,0.0616,0.082,15.54,478.0,5.9229,15.59,1.239,2.011,0.0394,8.5801,19.1,4.44,불량
2.2336,-0.0098,49.8094,23.1177,9.498,-5538.0,73.4778,0.0,0.0805,0.096,15.92,687.0,5.5864,15.9,0.9129,1.9743,,8.2981,16.47,3.816,양품
5.2064,-0.0102,37.3464,38.8409,7.134,-5466.75,73.6111,0.0,0.0721,0.158,15.92,1012.0,6.2473,15.9,0.9129,1.971,0.018,8.572,19.81,3.816,양품
-0.5718,-0.0106,58.6982,8.9212,4.4078,-6397.75,66.7889,0.0,0.0788,0.047,15.92,264.0,5.009,15.9,0.9129,1.8798,0.0156,9.0121,18.22,3.816,양품
7.0273,-0.011,25.4835,14.241,9.99,-5515.5,70.3,0.0,0.0767,0.11,15.92,375.0,5.2684,15.9,0.9129,1.9798,0.0168,8.8624,18.01,3.816,양품
2.1145,-0.0124,33.871,17.26,5.0556,-5617.5,72.6222,0.7096,0.0994,0.171,15.73,463.0,5.1897,15.75,0.9838,1.9943,0.0428,8.7932,15.94,3.235,양품
2.1973,-0.0104,28.8462,19.0819,8.7536,-5517.75,74.5889,0.0,0.0834,0.151,15.92,477.0,6.2556,15.9,0.9129,1.986,,8.3179,19.98,3.816,양품
4.9118,-0.0114,30.837,13.3386,8.8433,-5122.5,70.9889,0.7096,0.0542,0.107,15.73,339.0,5.1057,15.75,0.9838,1.9937,0.0196,8.8624,14.82,3.235,양품
4.8127,-0.0103,47.5728,13.4413,6.492,-6469.5,72.3444,0.7096,0.0475,0.053,15.73,386.0,5.6728,15.75,0.9838,1.872,,8.5003,20.08,3.235,양품
4.4445,-0.0106,54.5882,7.1866,3.8736,-5085.75,75.6778,0.7096,0.0705,0.176,15.73,182.0,6.7223,15.75,0.9838,2.0017,0.0954,8.2981,21.46,3.235,양품
5.6155,-0.0101,51.358,21.1106,41.6667,-4764.0,75.0889,0.7096,0.0803,0.079,15.73,613.0,7.4824,15.75,0.9838,1.9905,0.0155,8.3588,26.92,3.235,양품
2.8136,-0.0101,30.7311,17.2373,11.5094,-5195.75,68.4889,0.7096,0.0543,0.087,15.73,438.0,6.2503,15.75,0.9838,2.0032,0.0125,9.131,19.2,3.235,양품
3.9527,-0.0115,35.5363,23.4956,17.218,-5569.75,74.0,0.7096,0.0821,0.067,15.73,695.0,5.7861,15.75,0.9838,1.9875,0.0307,8.3588,16.71,3.235,양품
3.4482,-0.0079,30.3318,32.3187,18.4621,-5644.0,74.5556,0.0,0.0753,0.189,15.92,868.0,5.4498,15.9,0.9129,1.9913,0.0041,8.5407,17.75,3.816,양품
1.3445,-0.0136,34.4322,14.9781,13.9409,-5250.75,72.9222,-1.229,0.0651,0.174,15.73,377.0,5.6354,15.76,0.9554,1.959,,8.2395,18.92,3.358,양품
,-0.0108,42.3963,38.847,17.9952,-5334.75,69.5222,0.0,0.0519,0.112,15.84,1031.0,5.5089,15.8,0.9176,2.0232,,9.131,16.77,3.52,양품
0.9591,-0.0096,51.2418,14.4013,11.1922,-5209.0,70.9,0.4731,0.0846,0.164,15.75,365.0,6.3258,15.72,0.8893,2.0032,0.023,8.7015,20.1,3.225,양품
5.3191,-0.0119,46.3158,14.5722,11.6087,-5392.5,73.2111,-0.4731,0.0743,0.133,15.68,387.0,6.9993,15.72,1.395,1.9955,0.0174,8.3591,24.79,5.151,양품
-2.1555,-0.013,50.6232,12.2468,13.8314,-5494.75,75.9,-0.4731,0.1205,0.119,15.68,334.0,5.987,15.72,1.395,1.9995,0.021,8.4278,19.39,5.151,양품
1.7627,-0.0111,38.7824,21.3197,4.8011,-5436.25,74.5333,-0.8515,0.0715,0.102,15.71,542.0,6.4893,15.73,1.532,1.9892,0.0179,8.4278,20.64,5.185,양품
1.9273,-0.0127,41.6912,16.4494,6.652,-5472.0,74.8667,-0.8515,0.0647,0.149,15.71,470.0,7.5497,15.73,1.532,1.9957,,8.2832,24.29,5.185,양품
1.2327,-0.0104,27.0205,1.6057,6.8044,-5481.75,72.6333,-0.0946,0.104,0.154,15.65,44.0,5.4225,15.73,1.881,2.009,0.0166,8.3588,17.25,5.165,양품
5.4209,-0.0136,24.9541,14.5332,9.0097,-5261.0,67.3,-0.8515,0.0919,0.218,15.71,367.0,5.9794,15.73,1.532,1.972,0.0446,8.58,17.42,5.185,양품
5.0818,-0.0086,46.6472,8.319,2.4903,-6465.0,71.4333,0.7096,0.0595,0.082,15.73,242.0,5.792,15.75,0.9838,1.87,,8.5003,20.93,3.235,양품
5.5109,-0.0115,64.2082,13.8579,36.7282,-5685.0,73.9889,-0.0946,0.0509,0.16,15.65,354.0,5.9043,15.73,1.881,2.025,0.0166,8.2981,16.7,5.165,양품
-0.07,-0.0329,13.6674,27.5929,7.0323,-6413.25,69.2222,0.7096,0.0979,0.117,15.73,858.0,6.443,15.75,0.9838,1.8985,0.0183,23.1583,21.43,3.235,양품
0.5609,-0.0104,19.2308,10.9324,5.1571,-6515.25,67.6556,0.4731,0.0628,0.074,15.75,316.0,6.1051,15.72,0.8893,1.866,0.012,9.0121,20.35,3.225,양품
5.5964,-0.014,49.4624,12.9845,11.6833,-5204.0,74.1222,-0.5677,0.0711,0.18,15.71,330.0,5.8955,15.73,1.607,1.976,0.0137,8.272,18.33,6.09,양품
5.3973,-0.014,39.3912,12.7508,12.2404,-5416.5,75.4,-0.5677,0.1078,0.156,15.71,332.0,5.9968,15.73,1.607,1.9867,,8.272,18.59,6.09,양품
2.3182,-0.0105,48.6293,17.2279,8.7968,-5502.0,70.7,-0.5677,0.1016,0.092,15.71,431.0,5.6932,15.73,1.607,2.0178,0.0265,9.131,18.0,6.09,양품
6.0773,-0.0077,66.0194,39.0276,13.278,-5543.0,75.1889,-0.5677,0.0729,0.121,15.71,1204.0,6.7406,15.73,1.607,1.981,,8.3436,23.9,6.09,양품
4.3136,-0.0084,29.8507,20.9426,7.0715,-5529.25,74.0333,-0.5677,0.0899,0.216,15.71,561.0,6.9159,15.73,1.607,1.95,0.0177,8.272,26.66,6.09,양품
-2.3509,-0.0123,60.3466,5.4094,9.5653,-5572.25,67.2889,-0.1419,0.0495,0.024,15.82,145.0,5.5576,15.88,0.9838,2.0165,0.0297,9.6938,17.16,3.636,양품
1.1618,-0.0086,55.814,5.3075,10.8602,-5257.75,75.1667,-0.5677,0.1001,0.091,15.71,137.0,5.8683,15.73,1.607,1.9695,0.0243,8.5596,16.15,6.09,양품
0.5764,-0.0095,46.5608,38.19,5.1601,-5348.75,71.5111,-0.8988,0.0778,0.157,15.81,1017.0,6.3499,15.84,1.824,1.965,,8.3273,21.81,6.101,양품
6.8491,-0.0134,21.6822,28.8254,11.1096,-5418.75,68.3111,-0.1419,0.0784,0.021,15.82,762.0,5.9756,15.88,0.9838,2.0278,,9.0061,18.26,3.636,양품
-0.7245,-0.0137,26.2056,6.6623,14.9005,-5704.5,72.3444,0.0,0.0523,0.068,15.74,177.0,4.3803,15.84,1.031,1.9808,0.0207,8.287,15.23,3.483,양품
-0.2227,-0.0128,44.5313,15.8118,8.2305,-5710.5,73.1333,-0.8988,0.0935,0.177,15.81,420.0,5.5404,15.84,1.824,1.983,0.019,8.7932,19.84,6.101,양품
5.9155,-0.0123,35.6998,17.1054,36.0949,-5344.25,74.2667,-0.1419,0.1069,0.156,15.82,437.0,6.0134,15.88,0.9838,1.9783,,8.2832,16.48,3.636,양품
2.4209,-0.0112,38.2222,13.9346,10.9323,-5451.75,70.7778,-0.1419,0.0669,0.04,15.82,343.0,5.915,15.88,0.9838,2.008,,9.0145,20.18,3.636,양품
13.5518,-0.0141,28.4698,14.6827,9.5256,-5249.0,73.4111,-0.1419,0.0809,0.232,15.82,387.0,6.8253,15.88,0.9838,1.9987,0.2298,8.9562,21.97,3.636,불량
3.0945,-0.0108,91.9861,12.063,4.8182,-5603.75,73.1222,-0.8988,0.0904,0.081,15.81,314.0,5.7734,15.84,1.824,1.9743,0.015,8.3542,18.58,6.101,양품
-1.2336,-0.0131,36.7816,12.6277,59.3783,-5662.0,68.8444,-0.1419,0.0645,0.117,15.82,306.0,7.0915,15.88,0.9838,2.015,0.0202,8.6068,22.26,3.636,양품
4.4409,-0.0136,113.9706,6.9016,12.3049,-5477.5,75.7556,-1.56,0.0662,0.188,15.89,187.0,6.0475,15.85,0.9318,1.9535,,8.2832,21.39,3.202,양품
-4.6109,-0.0142,25.3521,7.5556,2.9901,-6521.5,66.0222,-0.8988,0.0623,0.044,15.81,220.0,4.7402,15.84,1.824,1.8592,0.0427,9.0811,16.87,6.101,양품
1.89,-0.0131,26.7431,11.344,11.6639,-5632.75,68.6444,-1.56,0.072,0.067,15.89,295.0,6.4735,15.85,0.9318,1.9897,0.017,8.7373,20.44,3.202,양품
0.4527,-0.0107,45.741,22.0094,15.6249,-5619.25,73.4333,0.0,0.0866,0.131,15.84,609.0,6.5385,15.86,0.9744,1.9705,0.0401,8.7932,20.06,3.583,양품
-0.2036,-0.0117,44.397,10.3369,12.0484,-5619.0,72.3444,-1.56,0.097,0.11,15.89,270.0,6.2248,15.85,0.9318,1.9398,0.0227,8.3591,23.15,3.202,양품
-3.7536,-0.0134,19.4211,10.929,28.0892,-5525.25,71.9444,-1.56,0.0733,0.132,15.89,290.0,6.4957,15.85,0.9318,1.9738,0.0,8.7932,21.07,3.202,양품
-3.9045,-0.0132,27.3504,18.1716,14.8255,-5207.25,71.6556,0.0,0.2357,0.161,15.84,483.0,7.536,15.86,0.9744,1.9697,0.0393,8.6149,20.45,3.583,양품
-2.81,-0.0121,27.1885,12.2291,7.8824,-5391.75,75.5222,-1.56,0.0744,0.14,15.89,323.0,5.1985,15.85,0.9318,1.9672,0.0635,8.3591,16.95,3.202,양품
-2.6109,-0.0123,31.7073,11.767,19.783,-5621.0,75.5889,-1.56,0.0508,0.119,15.89,306.0,5.8323,15.85,0.9318,1.994,0.0,8.5571,18.32,3.202,양품
-2.6273,-0.013,35.3506,33.2845,16.328,-5561.0,67.3889,-0.5677,0.0699,0.192,15.86,965.0,5.3998,15.81,1.182,1.9905,0.0228,8.7646,16.68,3.559,양품
5.4709,-0.0123,23.6735,8.8979,9.6418,-5652.5,74.9111,0.0,0.0556,0.056,15.84,241.0,6.1519,15.86,0.9744,1.9818,0.0372,8.8889,19.33,3.583,양품
0.5218,-0.0093,49.1979,27.0824,7.0724,-5627.5,72.2778,0.0473,0.0758,0.135,15.75,734.0,6.104,15.77,1.702,2.01,0.0249,8.287,19.82,6.889,양품
4.3982,-0.0127,45.6244,11.9984,4.9681,-5334.0,71.1222,0.0,0.0741,0.156,15.77,296.0,6.3857,15.81,1.135,1.9968,0.0207,8.7373,20.62,3.886,양품
0.5518,-0.0123,44.8065,14.532,10.2664,-5639.75,72.6778,0.0473,0.1073,0.062,15.75,392.0,6.4843,15.77,1.702,2.0035,0.0225,8.287,22.8,6.889,양품
1.4418,-0.0144,24.2845,14.7059,6.8071,-5567.75,72.4333,0.0473,0.0786,0.182,15.75,390.0,5.3579,15.77,1.702,1.9708,0.0158,8.6149,17.04,6.889,양품
-2.5955,-0.0115,37.3507,10.4678,9.4678,-5819.75,70.2111,0.0473,0.1002,0.131,15.82,273.0,5.6441,15.8,1.853,2.0082,0.0278,8.897,19.69,6.369,양품
-4.9018,-0.011,28.2139,19.5526,17.8595,-5767.25,70.0222,0.0473,0.0677,0.082,15.82,566.0,5.3963,15.8,1.853,1.9727,0.0185,8.7401,20.01,6.369,양품
0.7636,-0.013,35.3846,10.6145,15.6304,-5476.5,67.5556,0.0,0.0695,0.059,15.91,282.0,5.8226,15.86,0.9649,2.0005,,9.0425,18.5,3.541,양품
-2.7845,-0.0112,35.7942,20.2522,16.5755,-5345.25,69.0556,-0.4258,0.0855,0.141,15.89,542.0,6.0259,15.89,0.9318,2.0175,,8.7635,19.26,3.365,양품
-2.4709,-0.0135,31.0536,18.7651,5.5802,-5250.75,68.8667,0.0,0.1111,0.16,15.91,484.0,6.9644,15.86,0.9649,2.0015,0.019,8.7015,21.81,3.541,양품
-3.2718,-0.0136,30.9963,20.771,8.6031,-5777.0,75.3556,0.0,0.0615,0.148,15.77,594.0,6.0242,15.81,1.135,1.9952,0.0166,8.5571,16.21,3.886,양품
2.1136,-0.012,22.5705,8.5547,11.731,-5327.75,70.3556,0.0,0.1006,0.139,15.77,227.0,5.315,15.81,1.135,1.9755,0.2109,8.7373,17.21,3.886,양품
3.9291,-0.0118,60.9524,13.1505,14.0994,-5213.0,72.5778,0.0,0.0957,0.122,15.77,338.0,6.3005,15.81,1.135,2.021,0.0217,9.131,19.92,3.886,양품
-0.5336,-0.014,30.0806,16.2947,10.4695,-5138.75,70.5111,0.0473,0.0652,0.18,15.75,407.0,6.0726,15.77,1.702,1.9565,0.0289,8.7015,19.8,6.889,양품
-1.1836,-0.0122,15.5897,13.5039,3.3292,-5406.75,75.9444,0.0473,0.0709,0.172,15.75,343.0,5.1511,15.77,1.702,1.9515,0.0146,8.5571,15.22,6.889,양품
5.7945,-0.0125,28.8867,10.2723,10.9424,-5300.5,72.8667,-0.5677,0.1112,0.061,15.86,266.0,6.5033,15.81,1.182,2.0038,,8.9562,20.74,3.559,양품
-4.9682,-0.0117,36.7521,8.903,10.7867,-5497.5,74.1222,-1.608,0.0708,0.21,15.77,239.0,5.9198,15.77,1.617,2.0055,0.0279,8.5571,19.1,6.442,양품
-0.9136,-0.0117,37.6068,8.3733,4.1676,-5398.75,73.6111,0.0473,0.0762,0.06,15.82,227.0,5.9107,15.8,1.853,2.018,,8.6695,18.31,6.369,양품
-3.65,-0.0122,18.7755,18.6946,6.7468,-5217.25,73.3778,-1.608,0.0905,0.135,15.77,469.0,5.9777,15.77,1.617,1.9925,0.0148,8.3663,18.26,6.442,양품
-2.5345,-0.0119,37.0137,16.2925,15.3668,-5394.75,70.3111,-1.608,0.0781,0.115,15.77,410.0,5.5803,15.77,1.617,2.0075,0.02,8.8581,18.52,6.442,양품
0.86,-0.0128,76.7875,9.0537,6.6883,-5397.5,67.0889,-0.4258,0.0954,0.117,15.89,243.0,5.7839,15.89,0.9318,1.9965,0.039,8.7997,18.59,3.365,양품
-3.4991,-0.0128,38.3562,6.2174,5.304,-5543.0,73.7556,-0.4258,0.0594,0.118,15.89,161.0,6.2725,15.89,0.9318,1.98,0.0216,8.9833,19.82,3.365,양품
-5.2327,-0.0124,35.6275,109.1899,15.2552,-5526.0,69.9222,0.0473,0.0904,0.11,15.75,3710.0,6.7203,15.77,1.702,1.9962,0.0307,8.7401,23.09,6.889,양품
-1.79,-0.0136,30.0366,14.5259,20.494,-5445.5,72.3778,-1.608,0.0644,0.073,15.77,391.0,6.1788,15.77,1.617,1.984,0.0196,8.4278,24.35,6.442,양품
1.0309,-0.0127,40.1575,9.3078,44.8132,-4971.75,70.0111,-1.608,0.0632,0.136,15.77,238.0,6.6719,15.77,1.617,1.9888,0.0222,8.7401,21.14,6.442,양품
-4.0109,-0.0124,41.8933,20.6961,52.0296,-5001.0,73.7667,-1.608,0.075,0.158,15.77,553.0,6.0738,15.77,1.617,2.0,0.0469,8.3663,19.71,6.442,양품
1.4727,-0.013,42.9119,98.6803,12.4051,-5368.75,65.0778,-0.4258,0.0501,0.086,15.89,3608.0,4.5335,15.89,0.9318,1.9955,0.0436,9.0606,13.68,3.365,양품
-1.2427,-0.0133,35.272,17.419,7.402,-6471.25,65.7,-1.135,0.0784,0.057,15.9,520.0,5.4705,15.92,0.9649,1.8785,0.0498,9.2016,18.17,3.751,양품
2.4845,-0.0139,27.2646,22.9104,18.0131,-5335.0,72.2667,-1.135,0.0536,0.138,15.9,627.0,5.2121,15.92,0.9649,1.991,0.0175,8.8548,16.18,3.751,양품
0.79,-0.0117,17.0758,10.2904,8.2131,-5613.0,63.0333,-1.135,0.0669,0.075,15.9,256.0,4.423,15.92,0.9649,1.9973,0.0597,9.1287,14.49,3.751,양품
5.6618,-0.0136,35.3266,13.7722,9.7637,-5459.0,66.3111,0.0,0.0755,0.131,15.91,363.0,6.2036,15.86,0.9649,1.9908,0.0475,8.6772,20.64,3.541,불량
-2.4345,-0.0101,52.6708,10.2312,12.0219,-5398.5,69.3,-1.797,0.0871,0.133,15.8,271.0,7.6774,15.8,1.834,1.9863,,8.7635,21.41,5.952,양품
-1.4027,-0.0113,30.9051,14.8614,8.1791,-5012.75,67.6333,-1.797,0.0702,0.077,15.8,378.0,5.4441,15.8,1.834,1.974,,8.7635,17.28,5.952,양품
-4.5936,-0.0115,45.1193,17.9806,24.6177,-5248.25,69.8667,-1.797,0.0698,0.116,15.8,463.0,6.1794,15.8,1.834,2.036,,8.7635,19.8,5.952,양품
-0.3309,-0.0118,42.4178,9.0226,13.7498,-5658.25,67.8111,-1.797,0.0768,0.175,15.8,237.0,5.7652,15.8,1.834,2.014,,8.7635,19.89,5.952,양품
2.6718,-0.0107,36.534,17.6123,7.1907,-5604.5,66.0111,-1.797,0.0721,0.174,15.8,492.0,5.764,15.8,1.834,1.985,0.0248,8.6772,18.65,5.952,양품
4.9845,-0.0127,49.6063,13.9172,8.5536,-5494.75,73.9333,-3.496,0.1232,0.104,15.71,375.0,5.7709,15.75,1.763,2.0035,0.0422,8.5801,17.71,6.355,양품
-3.4445,-0.0126,39.005,8.3365,9.7491,-5549.25,73.2333,-3.496,0.0903,0.114,15.71,219.0,5.9415,15.75,1.763,2.0017,,8.287,20.77,6.355,양품
2.2855,-0.0141,45.9364,19.2892,15.9009,-5370.75,72.4778,-3.496,0.0982,0.099,15.71,479.0,5.5605,15.75,1.763,2.0045,0.0174,8.6149,18.97,6.355,양품
22.4673,-0.0094,36.3151,16.2293,12.3615,-5573.75,72.3556,-3.496,0.1077,0.314,15.71,436.0,4.9316,15.75,1.763,1.9693,0.025,8.2395,15.53,6.355,양품
6.5645,-0.0047,80.6366,13.7984,16.4983,-5370.25,72.4889,-0.4258,0.0776,0.108,15.89,359.0,4.4655,15.89,0.9318,1.9695,0.0275,8.9475,14.29,3.365,불량
-4.6227,-0.0109,36.6972,18.1937,9.4656,-5599.25,75.0444,-1.135,0.2654,0.097,15.9,487.0,5.3685,15.92,0.9649,2.0132,0.0203,8.3591,18.32,3.751,양품
5.5455,-0.0138,34.8457,18.7197,55.5439,-4994.25,66.2,0.0,0.0734,0.138,15.77,541.0,6.3218,15.81,1.135,1.9715,0.0408,8.6772,20.39,3.886,불량
-2.1518,-0.0126,41.2289,20.5224,15.6482,-5515.0,73.1333,-3.496,0.0643,0.119,15.71,550.0,6.7794,15.75,1.763,1.966,0.0219,8.4278,21.92,6.355,양품
6.25,-0.0102,38.4236,20.5853,8.4513,-5738.75,72.1,-3.496,0.1552,0.138,15.71,568.0,5.4697,15.75,1.763,2.0157,,8.3436,15.31,6.355,양품
3.2509,-0.013,34.5158,9.3915,15.666,-5508.75,69.0556,-1.135,0.0731,0.217,15.9,245.0,5.8371,15.92,0.9649,1.993,0.0231,8.6772,16.83,3.751,불량
0.9909,-0.0118,54.1799,20.5657,7.6341,-5580.25,75.3889,-3.025,0.079,0.123,15.71,558.0,5.5692,15.75,1.801,1.991,0.0185,8.3663,18.99,6.063,양품
-3.8655,-0.0103,20.4629,10.581,71.1315,-5554.5,70.3556,-3.025,0.0857,0.127,15.71,270.0,4.5618,15.75,1.801,2.0273,0.0321,8.6611,14.76,6.063,양품
-0.75,-0.0091,57.1429,21.5277,12.9469,-5692.5,67.7556,-3.025,0.1,0.17,15.71,570.0,5.4452,15.75,1.801,1.9792,0.0181,8.6544,18.23,6.063,양품
0.2745,-0.0101,52.3457,13.8256,18.047,-5834.75,70.9667,-1.135,0.0969,0.069,15.9,352.0,5.9651,15.92,0.9649,1.99,0.0185,8.6611,18.31,3.751,양품
-5.9273,-0.0126,34.2289,23.1974,20.9007,-5612.25,68.1667,-3.496,0.0831,0.159,15.75,600.0,5.538,15.75,1.805,2.0192,,8.7635,19.29,6.023,양품
-2.9209,-0.0134,12.6512,19.626,8.3393,-5588.0,71.2111,-3.496,0.067,0.165,15.75,530.0,5.5445,15.75,1.805,2.0048,0.0451,8.287,18.66,6.023,양품
-3.74,-0.0098,34.7826,11.9055,15.3092,-5153.75,75.5556,-3.496,0.0769,0.125,15.71,306.0,6.2653,15.75,1.763,1.9983,,8.5571,24.43,6.355,양품
-0.0691,-0.0113,44.1014,7.8765,2.2737,-5365.75,70.3444,-3.025,0.0628,0.077,15.71,199.0,4.9591,15.75,1.801,1.9805,,8.7401,15.8,6.063,양품
5.1136,-0.0121,43.8923,13.4473,8.7732,-5437.0,70.1222,-3.025,0.0703,0.14,15.71,350.0,5.0749,15.75,1.801,1.9795,0.017,8.7015,16.46,6.063,양품
1.7082,-0.0102,77.8325,6.2255,5.6912,-5007.75,76.1667,-3.025,0.0715,0.091,15.71,151.0,5.0656,15.75,1.801,2.0173,0.0539,8.9833,15.26,6.063,양품
1.5555,-0.0143,27.2489,17.5383,14.5964,-5357.5,71.4333,-1.702,0.0703,0.048,15.87,472.0,5.2879,15.91,1.097,1.9915,,8.6149,18.59,3.429,양품
1.3136,-0.0116,19.8276,19.8841,21.7441,-5031.25,63.7889,-3.025,0.0786,0.14,15.71,532.0,4.9325,15.75,1.801,2.025,,9.1287,16.1,6.063,양품
-1.0182,-0.0119,38.6555,24.9315,15.4523,-5966.75,68.2,-3.496,0.0621,0.214,15.75,637.0,5.0135,15.75,1.805,1.9848,,8.7779,17.96,6.023,양품
-0.9945,-0.0132,24.3115,20.1597,3.4687,-5477.5,71.5444,-2.647,0.0998,0.19,15.82,524.0,5.7735,15.84,1.182,2.0002,0.0097,8.287,19.34,3.234,양품
-0.9236,-0.0112,59.6882,6.0473,19.7404,-5759.75,66.9889,-3.025,0.0834,0.154,15.71,165.0,5.4381,15.75,1.801,1.9835,0.0184,8.7548,17.15,6.063,양품
-0.6609,-0.0109,25.7471,9.6696,6.2611,-5622.0,62.2889,-3.732,0.0762,0.119,15.73,278.0,4.7264,15.77,1.739,2.0032,,9.1287,15.57,5.999,양품
-0.1918,-0.0139,22.3423,22.4271,5.4453,-5215.5,74.1556,-3.732,0.0609,0.206,15.73,602.0,5.5402,15.77,1.739,2.0002,0.0194,8.4278,17.96,5.999,양품
-2.2818,-0.0115,45.9372,15.8632,17.6518,-5540.5,66.8667,-3.732,0.0946,0.056,15.73,399.0,5.7814,15.77,1.739,1.9752,0.0607,8.7548,17.71,5.999,양품
-5.9336,-0.0104,39.4231,15.2322,8.032,-6561.25,71.6444,-3.496,0.0708,0.061,15.71,465.0,4.492,15.75,1.763,1.884,,8.7199,15.29,6.355,양품
5.7182,-0.0107,39.0698,12.0416,16.92,-5526.0,68.7778,-3.732,0.0824,0.117,15.73,330.0,5.5603,15.77,1.739,1.963,0.0216,8.8546,17.45,5.999,양품
-5.1255,-0.0132,47.1035,9.5049,18.1694,-5476.25,74.1111,-3.732,0.1009,0.118,15.73,251.0,6.1328,15.77,1.739,2.006,0.0199,8.3591,22.67,5.999,양품
-2.1309,-0.0103,34.1048,8.2396,11.8592,-5261.75,71.6444,-3.732,0.0712,0.169,15.73,218.0,5.6093,15.77,1.739,1.9627,0.0197,8.6149,16.61,5.999,양품
0.42,-0.0087,50.4298,10.6625,8.6505,-5444.75,72.7667,-2.647,0.0919,0.133,15.82,276.0,5.6325,15.84,1.182,1.991,0.0188,8.6695,18.53,3.234,양품
-1.1945,-0.0106,40.423,17.9326,13.4594,-5290.0,72.7778,-3.591,0.0832,0.076,15.7,448.0,5.2014,15.72,1.909,1.9823,,8.7932,17.69,6.086,양품
-3.5291,-0.0127,14.1454,7.6639,2.8184,-6493.0,65.0889,-3.025,0.0945,0.07,15.71,223.0,5.0479,15.75,1.801,1.8657,0.0373,9.0811,16.75,6.063,양품
-3.4291,-0.0125,31.8725,6.2941,16.8372,-5743.25,72.3889,-3.732,0.0605,0.111,15.73,165.0,5.8914,15.77,1.739,1.9885,0.0094,8.8562,19.92,5.999,양품
-2.1709,-0.0111,47.8016,8.9448,9.1909,-5364.0,70.5111,-2.647,0.0767,0.206,15.82,231.0,6.7152,15.84,1.182,2.0192,,8.6611,23.04,3.234,양품
-5.9573,-0.012,34.3096,11.0512,14.3792,-5501.0,74.7778,-2.647,0.0813,0.098,15.82,282.0,4.5082,15.84,1.182,1.9872,0.0508,8.3663,13.19,3.234,양품
-1.0464,-0.013,37.7649,6.5742,5.8154,-5537.0,72.3222,-3.732,0.0978,0.081,15.73,179.0,5.6386,15.77,1.739,1.985,0.0187,8.9562,16.28,5.999,양품
4.2391,-0.0133,33.9623,22.4875,8.648,-5423.25,76.4667,-3.591,0.0731,0.167,15.7,598.0,5.3222,15.72,1.909,2.0023,,8.9833,18.09,6.086,양품
-1.6873,-0.0113,38.1798,16.7215,44.8313,-4682.0,68.3667,-3.591,0.0809,0.242,15.7,432.0,8.9893,15.72,1.909,1.9882,0.026,8.7779,33.78,6.086,양품
1.0145,-0.0114,51.0451,25.1151,5.8273,-6469.5,71.1667,-3.591,0.0763,0.127,15.7,709.0,5.547,15.72,1.909,1.8835,,8.7073,19.88,6.086,양품
-0.8727,-0.0113,46.7991,11.6329,5.655,-5305.0,73.1556,-3.591,0.078,0.089,15.7,301.0,5.6351,15.72,1.909,1.9952,0.0209,8.6149,16.98,6.086,양품
-4.2364,-0.013,32.9502,25.5777,6.2596,-5671.25,68.0778,-2.647,0.0899,0.05,15.82,642.0,5.8253,15.84,1.182,2.014,0.0174,8.7401,19.07,3.234,양품
-5.1391,-0.0109,53.211,3.4964,14.9072,-5614.75,65.6,-3.779,0.0572,0.068,15.74,92.0,5.9498,15.72,2.154,1.9682,0.0365,9.2016,19.75,6.003,양품
1.54,-0.0101,42.3645,19.4435,8.3154,-5459.75,73.3778,-3.779,0.0682,0.091,15.74,545.0,6.4716,15.72,2.154,1.9815,0.0138,9.0639,19.41,6.003,양품
0.1082,-0.0114,50.7104,18.8909,15.7137,-5504.75,65.6889,-3.732,0.0815,0.14,15.73,505.0,4.5917,15.77,1.739,2.0092,,9.2016,14.44,5.999,양품
-1.67,-0.0104,47.9042,9.6107,16.4476,-5648.25,76.6333,-3.591,0.1807,0.173,15.7,266.0,4.8494,15.72,1.909,1.996,,8.9833,16.37,6.086,양품
-4.89,-0.0122,32.8205,6.4032,6.9997,-5300.25,72.1889,-3.779,0.0952,0.091,15.74,160.0,5.9451,15.72,2.154,1.9735,0.0224,8.8078,15.95,6.003,양품
-6.5282,-0.011,19.1126,6.3968,16.2843,-5121.5,74.3444,-3.591,0.0827,0.091,15.7,162.0,5.7907,15.72,1.909,1.9975,0.0277,8.1166,17.07,6.086,양품
7.03,-0.0125,19.2192,23.2475,79.41,-5491.75,69.6333,-2.647,0.0684,0.232,15.82,616.0,5.5763,15.84,1.182,1.9947,0.0523,8.6068,18.06,3.234,양품
-2.6355,-0.0103,51.5188,11.8147,13.4221,-5409.0,65.0778,-3.779,0.057,0.06,15.74,313.0,4.9426,15.72,2.154,2.0023,0.0171,9.0606,16.3,6.003,양품
1.3936,-0.0111,20.7207,8.6305,22.278,-5274.25,66.8222,-2.647,0.0681,0.161,15.82,219.0,5.5793,15.84,1.182,1.9962,0.0236,9.6136,19.17,3.234,양품
-3.7045,-0.0128,22.6562,9.1736,6.9676,-5339.0,73.3667,-3.591,0.0845,0.127,15.7,232.0,5.0433,15.72,1.909,2.023,0.0179,8.6695,17.46,6.086,양품
-0.45,-0.0107,37.3396,14.98,46.5748,-5966.75,67.8778,-3.779,0.0705,0.219,15.74,356.0,5.053,15.72,2.154,1.9795,,8.7779,17.01,6.003,양품
-1.4564,-0.0124,56.5086,17.8204,4.6764,-6351.0,63.8222,-3.779,0.0764,0.133,15.74,558.0,5.7032,15.72,2.154,1.8867,0.0201,9.0606,16.87,6.003,양품
-2.6364,-0.0098,52.1739,17.9158,22.6371,-5623.5,70.7556,-3.591,0.064,0.208,15.7,499.0,6.2211,15.75,1.744,1.9962,,8.8331,21.68,5.902,양품
3.9818,-0.0116,34.5572,8.9225,32.7362,-5303.0,65.9667,-2.647,0.0716,0.113,15.82,242.0,6.4328,15.84,1.182,1.9805,0.0193,9.0776,21.49,3.234,양품
-4.2327,-0.0096,54.3791,7.6037,6.4141,-5675.0,68.0222,-3.591,0.0644,0.103,15.7,203.0,6.3413,15.75,1.744,2.0015,,8.8546,19.41,5.902,양품
-0.8045,-0.0093,61.2903,13.6393,23.3672,-5439.25,69.1778,-3.779,0.0639,0.18,15.74,364.0,5.1675,15.72,2.154,1.9725,,8.9979,16.92,6.003,양품
-0.0164,-0.0103,43.849,8.9913,21.1287,-5949.25,71.0778,-3.591,0.0828,0.066,15.7,236.0,4.6711,15.75,1.744,1.9893,,8.8548,13.52,5.902,양품
0.7827,-0.0114,28.8525,16.5913,46.3185,-6189.75,68.9,-3.591,0.0609,0.151,15.7,477.0,6.1941,15.75,1.744,2.001,0.0563,9.0425,21.29,5.902,양품
-0.4409,-0.0118,55.0265,12.918,12.9152,-5125.75,72.2889,-3.591,0.0765,0.157,15.7,339.0,7.227,15.75,1.744,2.0038,,8.3663,25.84,5.902,양품
2.1136,-0.0095,58.6387,16.4573,7.1283,-5387.0,75.0111,-3.591,0.0612,0.215,15.7,429.0,4.9302,15.75,1.744,1.998,0.0197,8.3663,16.13,5.902,양품
-1.66,-0.0099,49.4325,11.2638,27.676,-5145.25,68.5111,-3.591,0.0701,0.238,15.7,293.0,6.3559,15.75,1.744,1.973,0.0183,8.9191,16.98,5.902,양품
3.0982,-0.0126,25.3968,15.5171,8.7235,-5548.25,67.9778,-2.647,0.0688,0.178,15.82,419.0,6.0793,15.84,1.182,2.0042,0.0435,8.8546,18.53,3.234,양품
1.4009,-0.0127,34.7826,25.571,18.6615,-5648.0,70.0667,-3.732,0.0985,0.121,15.7,627.0,5.01,15.74,2.022,2.0227,,8.8581,17.03,5.854,양품
1.1855,-0.0104,24.0964,12.8989,8.3941,-6445.0,64.5889,-3.732,0.1006,0.072,15.7,385.0,5.7919,15.74,2.022,1.8847,0.0303,9.2016,19.7,5.854,양품
-2.6655,-0.0114,47.3684,25.0974,7.7185,-5441.5,68.1222,-3.591,0.0711,0.129,15.7,644.0,5.5972,15.75,1.744,2.0122,,9.6136,18.19,5.902,양품
-1.31,-0.0106,64.0,4.6464,10.0137,-5482.5,76.1778,-3.591,0.0534,0.185,15.7,124.0,5.2156,15.75,1.744,2.0183,,8.1161,18.8,5.902,양품
-3.8836,-0.0102,51.1685,9.2716,11.2106,-5307.5,64.9222,-3.732,0.0856,0.065,15.7,246.0,5.7186,15.74,2.022,1.9837,,9.2016,16.65,5.854,양품
-1.5945,-0.0117,32.4094,8.0303,6.9048,-5648.25,76.5556,-3.591,0.0726,0.109,15.7,207.0,7.523,15.75,1.744,1.9945,,8.9833,23.09,5.902,양품
-1.7155,-0.0094,35.1531,34.9032,11.8426,-5471.75,70.1333,-3.732,0.0768,0.126,15.7,969.0,5.4893,15.74,2.022,2.0145,,8.8519,18.15,5.854,양품
-3.2882,-0.0105,59.9287,6.5555,7.6677,-5399.25,69.6778,-3.732,0.0725,0.095,15.7,174.0,5.8043,15.74,2.022,1.9785,,8.7997,19.07,5.854,양품
-2.9182,-0.0108,44.5993,12.8734,8.4633,-5707.0,69.6556,-3.732,0.0991,0.138,15.7,334.0,5.7743,15.74,2.022,1.9713,,8.7779,19.16,5.854,양품
,-0.0103,24.3013,21.6568,18.3755,-5420.25,76.2444,-2.647,0.0597,0.122,15.82,632.0,6.0257,15.84,1.182,1.9523,0.0126,8.2981,18.29,3.234,양품
-3.0882,-0.01,50.7463,17.3509,2.9502,-5525.0,69.9444,-3.732,0.0815,0.142,15.7,467.0,6.9567,15.74,2.022,1.9858,,8.7015,23.72,5.854,양품
-0.0045,-0.0112,32.1788,15.7739,6.2318,-5327.5,73.7667,-3.732,0.1065,0.075,15.7,413.0,5.2657,15.74,2.022,1.999,,8.1161,17.65,5.854,양품
-5.8564,-0.0039,204.5307,3.4427,27.8165,-5194.75,68.5556,-3.732,0.0528,0.094,15.7,85.0,5.7617,15.74,2.022,1.9765,0.0369,8.6611,19.11,5.854,양품
3.9673,-0.0117,66.881,9.3316,1.9186,-6411.0,66.0333,-3.732,0.0605,0.073,15.7,274.0,5.5414,15.74,2.022,1.8733,0.017,9.0811,18.46,5.854,양품
0.7,-0.0106,48.9412,11.3529,8.5401,-5339.5,75.7778,-3.543,0.0661,0.194,15.65,300.0,5.0174,15.74,1.735,2.0057,,8.1161,15.97,5.675,양품
-6.6618,-0.0109,33.9061,19.7375,15.1013,-5443.25,73.1222,-3.543,0.0808,0.115,15.65,515.0,5.7831,15.74,1.735,2.009,0.043,8.3591,18.77,5.675,양품
2.6345,-0.0079,76.9716,16.0993,10.3865,-5776.75,72.2444,-3.543,0.0888,0.137,15.65,441.0,5.241,15.74,1.735,2.0132,0.0216,8.7932,18.36,5.675,양품
-0.6327,-0.0122,40.0409,2.5228,9.5465,-5352.75,68.1111,-3.543,0.0785,0.11,15.65,63.0,6.2417,15.74,1.735,1.9948,,8.8581,20.25,5.675,양품
-5.8818,-0.0119,31.8658,14.8554,9.0612,-5352.5,70.2444,-3.543,0.0876,0.18,15.65,393.0,6.4591,15.74,1.735,1.995,,8.7373,21.4,5.675,양품
-2.2636,-0.0103,45.8537,10.163,7.537,-5187.75,71.9444,-2.93,0.0768,0.058,15.76,254.0,5.4689,15.83,1.026,1.9772,0.0262,8.7373,20.04,3.265,양품
0.7382,-0.0118,33.9343,12.8183,18.1925,-5546.25,76.9333,-3.543,0.0582,0.046,15.65,336.0,5.1729,15.74,1.735,2.019,,8.1161,16.79,5.675,양품
4.9082,-0.0127,33.1688,17.3373,6.5497,-5588.0,70.7111,0.0,0.0533,0.046,15.91,475.0,6.3015,15.86,0.9649,1.9783,,8.8836,17.7,3.541,양품
-1.1764,-0.0103,19.4647,23.9456,6.9631,-6347.75,61.2111,-2.93,0.0879,0.102,15.76,748.0,4.7149,15.83,1.026,1.8855,,9.1287,12.79,3.265,양품
-3.1182,-0.013,41.4986,18.9822,5.4615,-6335.25,64.6556,-2.93,0.0739,0.102,15.76,594.0,7.4906,15.83,1.026,1.8902,,9.0606,26.2,3.265,양품
-2.5191,-0.0113,36.404,14.7432,4.997,-5383.25,74.7778,-2.93,0.087,0.074,15.76,412.0,5.7958,15.83,1.026,1.9628,0.0629,8.9833,16.28,3.265,양품
-0.9,-0.0085,70.7965,15.1659,6.9945,-5475.75,63.4444,-3.166,0.0688,0.179,15.71,400.0,5.391,15.75,1.772,2.0038,,9.1287,17.34,5.904,양품
2.23,-0.0085,55.4572,3.569,11.3429,-5333.75,66.4333,-3.543,0.0755,0.103,15.65,93.0,5.353,15.74,1.735,1.9823,,8.7548,16.65,5.675,양품
-1.0909,-0.0037,100.0,19.266,10.7552,-5346.25,67.1111,-3.166,0.054,0.184,15.71,521.0,6.9877,15.75,1.772,2.011,,8.9191,21.14,5.904,양품
-6.0845,-0.0098,65.557,16.047,19.4103,-5291.0,72.3222,-3.449,0.0729,0.1,15.72,423.0,6.6364,15.72,2.211,1.9922,,9.4336,20.98,5.985,양품
0.4382,-0.0123,18.7755,24.681,6.6375,-6403.0,64.1778,-2.93,0.0553,0.092,15.76,764.0,5.0402,15.83,1.026,1.8887,,9.1287,16.01,3.265,양품
2.6227,-0.0104,38.5542,16.4734,10.6451,-5984.0,69.1,-3.449,0.0899,0.151,15.72,451.0,6.7165,15.72,2.211,2.0035,,8.897,20.75,5.985,양품
-6.3391,-0.0113,35.3201,8.1337,4.3827,-4951.25,68.6667,-3.449,0.0661,0.153,15.72,208.0,5.3239,15.72,2.211,1.98,0.0551,8.9191,17.58,5.985,양품
-2.67,-0.01,56.7164,4.861,7.3737,-5167.0,74.9333,-3.449,0.0872,0.071,15.72,125.0,5.9385,15.72,2.211,1.983,,9.0639,16.34,5.985,양품
-2.3891,-0.0114,45.6641,9.2092,10.4966,-5135.0,65.2778,-3.543,0.0852,0.134,15.65,230.0,4.3686,15.74,1.735,1.97,0.0242,8.9221,14.83,5.675,양품
-3.9218,-0.011,31.0148,11.9912,4.8426,-5740.75,67.2111,-2.789,0.0752,0.093,15.79,327.0,6.8358,15.84,1.035,1.986,,9.6136,23.45,3.431,양품
-5.52,-0.0127,52.6523,7.3418,14.7056,-5834.5,68.8111,-2.789,0.1046,0.176,15.79,203.0,5.8981,15.84,1.035,2.0017,,8.58,21.1,3.431,양품
-0.0636,-0.0106,55.9242,6.5624,10.1232,-5176.25,67.5222,-2.93,0.0851,0.054,15.76,172.0,6.3318,15.83,1.026,1.9968,,8.9191,22.23,3.265,양품
-1.5991,-0.0112,72.0801,15.4421,17.8303,-5159.75,71.5889,-2.93,0.0834,0.189,15.76,403.0,4.8858,15.83,1.026,1.9828,,8.5571,14.11,3.265,양품
-2.2191,-0.0103,20.3144,9.8703,14.0876,-5245.75,69.0889,-2.789,0.1207,0.093,15.79,253.0,5.0736,15.84,1.035,1.9985,,8.6544,15.16,3.431,양품
2.9864,-0.0136,35.3266,8.5065,17.1375,-5327.5,72.1111,0.0,0.0829,0.074,15.7,220.0,7.5929,15.76,0.9838,1.9923,,9.0639,22.51,3.082,양품
0.2464,-0.0104,27.9518,7.2677,17.3332,-5313.5,68.5444,-3.119,0.0961,0.078,15.93,183.0,5.1716,16.0,1.078,1.987,,8.9191,16.29,2.956,양품
0.7136,-0.0126,24.5059,8.7687,15.5039,-5450.25,76.9667,-3.119,0.0814,0.096,15.93,235.0,4.8051,16.0,1.078,2.0057,,8.1161,14.28,2.956,양품
-3.9555,-0.0111,58.7571,12.5622,7.2024,-5428.75,66.7778,-3.119,0.1124,0.134,15.93,328.0,7.894,16.0,1.078,1.9868,,8.6772,24.14,2.956,양품
0.5609,-0.014,29.2596,7.4284,16.2523,-5580.75,66.3222,0.0,0.0678,0.084,15.66,197.0,7.0939,15.71,1.867,1.962,,9.2016,21.1,5.76,불량
-2.5682,-0.0117,62.5938,15.813,8.5053,-5573.0,67.5333,0.0946,0.0717,0.128,15.7,416.0,5.538,15.76,1.418,1.9977,,8.6799,17.96,3.108,양품
-1.2991,-0.0146,21.3058,24.9381,19.8707,-5334.5,68.9333,0.0946,0.0751,0.278,15.7,680.0,6.189,15.76,1.418,2.0125,,8.9979,21.79,3.108,양품
-2.7282,-0.0129,31.8756,5.803,21.5564,-5181.75,71.3667,0.0946,0.0612,0.074,15.7,156.0,5.8075,15.76,1.418,1.9712,0.0175,9.0942,19.77,3.108,양품
-5.4691,-0.0092,28.1843,13.8318,12.5872,-5450.0,72.9333,-3.119,0.3943,0.103,15.93,370.0,5.7673,16.0,1.078,1.989,,8.9132,19.85,2.956,양품
-2.1,-0.0142,26.7841,14.5368,7.2162,-5626.25,69.1444,-3.119,0.099,0.139,15.93,397.0,5.8274,16.0,1.078,1.984,,8.8546,19.96,2.956,양품
-1.9827,-0.0137,29.927,13.0087,30.5137,-6171.0,67.5222,0.0946,0.051,0.151,15.7,342.0,5.5213,15.76,1.418,1.9805,,8.5862,17.89,3.108,양품
-1.0545,-0.0108,23.0415,12.8793,8.7464,-5693.75,74.0111,0.0,0.0789,0.151,15.7,364.0,6.654,15.76,0.9838,1.9985,,9.4336,24.65,3.082,양품
-3.2055,-0.0132,38.5633,15.5363,6.4736,-5715.5,73.5222,0.0,0.1006,0.123,15.7,398.0,6.1787,15.76,0.9838,2.0282,,8.5298,21.47,3.082,양품
1.4609,-0.0107,47.7752,8.517,5.968,-5663.5,69.1222,0.0946,0.0784,0.123,15.7,227.0,5.5305,15.76,1.418,1.9995,,8.897,16.74,3.108,양품
-3.1227,-0.0113,27.464,14.359,15.3493,-5329.25,67.2889,-2.789,0.0652,0.158,15.79,378.0,5.1815,15.84,1.035,1.9785,,8.8581,16.79,3.431,양품
-3.7509,-0.0086,39.708,8.6034,13.5134,-5720.25,69.4222,-3.449,0.0803,0.168,15.71,225.0,6.1863,15.73,1.834,1.9923,,8.8581,20.61,5.97,양품
-3.2945,-0.0101,38.6617,21.8786,8.6003,-5337.0,69.3222,-2.93,0.0786,0.134,15.76,573.0,6.5968,15.83,1.026,1.9843,,8.8624,20.78,3.265,양품
-1.56,-0.0146,32.9614,17.4932,12.4939,-5122.5,69.9,-3.449,0.0946,0.194,15.71,448.0,6.1318,15.73,1.834,2.0038,,8.9979,22.61,5.97,양품
-1.0409,-0.012,26.5836,9.0168,16.298,-5730.75,65.6444,-2.364,0.0716,0.109,15.58,249.0,5.6454,15.58,1.39,1.966,0.022,9.0606,17.9,3.012,양품
-1.24,-0.0111,55.9819,15.3531,13.3333,-5287.5,73.8333,-2.364,0.0642,0.098,15.57,394.0,7.0986,15.6,1.749,2.0038,0.0186,9.4336,22.09,2.897,양품
-4.4882,-0.0145,29.6041,12.5236,13.8575,-5621.5,66.9333,-2.364,0.0783,0.1,15.58,331.0,5.7942,15.58,1.39,1.99,0.0212,8.7548,18.1,3.012,양품
1.4409,-0.0121,48.1328,20.6292,19.6024,-5596.25,72.0,0.0,0.0608,0.117,15.7,559.0,5.464,15.76,0.9838,1.9973,,8.8331,17.03,3.082,양품
-0.0509,-0.0094,45.7447,15.2296,30.7229,-5650.5,71.4889,-3.779,0.0688,0.133,15.75,412.0,5.371,15.78,1.447,2.0083,,8.7609,18.44,2.959,양품
1.7318,-0.0098,38.6768,24.1732,7.932,-5295.0,68.2444,-3.543,0.1013,0.2,15.65,656.0,7.3335,15.74,1.735,1.9785,,8.6544,24.38,5.675,양품
-0.2436,-0.013,45.4721,4.3134,10.3101,-5344.25,72.7111,0.0,0.094,0.087,15.7,113.0,5.3134,15.76,0.9838,1.983,,8.8078,19.52,3.082,양품
0.38,-0.0116,37.149,13.8949,4.4898,-5412.25,76.8778,0.0,0.0785,0.147,15.66,367.0,5.039,15.71,1.867,1.981,,8.1161,15.28,5.76,양품
-2.1409,-0.0126,62.0278,13.5197,14.8967,-5336.75,68.1111,-3.779,0.0851,0.247,15.75,341.0,6.5589,15.78,1.447,2.0172,,8.7402,21.47,2.959,양품
-2.0655,-0.0125,29.6,16.5145,9.1909,-5407.5,71.9111,-3.119,0.4379,0.102,15.93,425.0,3.6378,16.0,1.078,1.9875,,8.7609,11.28,2.956,양품
-4.3955,-0.0185,42.7316,13.8152,13.025,-5535.5,72.4,-3.119,0.0802,0.122,15.93,366.0,4.8406,16.0,1.078,2.0227,,13.5481,15.92,2.956,양품
-1.9291,,,18.468,6.6299,-5490.25,67.6,-2.364,0.0769,0.207,15.57,487.0,6.2695,15.6,1.749,1.991,,8.9979,21.89,2.897,양품
-4.6591,-0.013,30.7988,9.173,12.4848,-5358.5,74.4889,-2.364,0.089,0.188,15.58,249.0,6.3735,15.58,1.39,2.0257,0.0198,8.8889,21.52,3.012,양품
-0.5327,-0.0112,41.9175,12.248,9.0341,-5479.25,70.5333,0.0,0.075,0.169,15.7,319.0,5.115,15.76,0.9838,1.981,0.0216,8.6611,16.85,3.082,양품
-1.0827,-0.0133,39.9247,9.0822,15.7257,-5278.0,69.6111,-3.779,0.1007,0.072,15.75,237.0,6.9613,15.78,1.447,1.9675,,8.598,18.97,2.959,양품
-0.3727,-0.0179,22.9531,3.9551,12.6698,-5611.75,73.5889,-3.779,0.0734,0.112,15.75,104.0,6.2445,15.78,1.447,2.0065,0.0213,8.6074,19.17,2.959,양품
-1.0473,-0.0131,34.2531,15.9985,9.1729,-5320.0,71.4111,0.0,0.0745,0.078,15.7,419.0,5.1909,15.76,0.9838,1.9817,,9.4336,17.09,3.082,양품
0.9736,-0.0139,30.2976,14.4415,20.4844,-5511.5,72.6778,-2.364,0.0556,0.085,15.57,404.0,5.187,15.6,1.749,1.9935,,13.5481,14.99,2.897,양품
-3.9509,-0.0147,19.0476,11.2066,7.57,-5535.0,73.1111,-3.119,0.0906,0.137,15.93,300.0,5.7221,16.0,1.078,1.972,0.021,8.5735,19.27,2.956,양품
1.0027,-0.0139,38.9189,3.9883,7.1572,-5477.0,72.2333,0.0,0.0706,0.034,15.7,106.0,4.6087,15.76,0.9838,1.967,,8.9132,15.19,3.082,불량
2.8109,-0.0093,58.9023,7.325,20.7811,-5408.75,73.9778,0.0,0.0919,0.149,15.7,204.0,6.1564,15.76,0.9838,2.0078,,8.9132,18.31,3.082,양품
-3.6145,-0.0151,39.6694,22.4112,6.457,-5699.25,74.0556,-3.779,0.0576,0.193,15.75,593.0,4.8866,15.78,1.447,2.0288,,8.5298,16.54,2.959,양품
-5.76,-0.0121,71.6787,13.3611,9.1856,-5301.75,67.4444,-3.119,0.0763,0.135,15.93,353.0,4.741,16.0,1.078,2.0057,0.0207,9.6136,15.64,2.956,양품
-1.6109,-0.0069,62.4319,9.9232,14.1137,-5377.75,73.8889,-1.939,0.0568,0.118,15.69,252.0,5.6492,15.74,0.9649,1.9918,0.0485,8.4537,18.03,2.788,양품
2.32,-0.0131,49.7132,11.3185,7.5169,-5228.25,66.8,-2.93,0.0834,0.126,15.76,288.0,6.9572,15.83,1.026,2.0012,,8.7646,21.35,3.265,양품
-1.2491,-0.009,18.8889,14.3767,7.0306,-5234.25,74.3222,-2.553,0.0665,0.185,15.75,367.0,6.2034,15.78,0.9413,2.0088,,8.4537,20.86,2.96,양품
0.1873,-0.0137,27.8134,12.6861,4.0864,-5359.25,69.4222,-2.033,0.084,0.115,15.8,326.0,7.5845,15.8,2.465,2.0108,,8.6544,27.35,2.418,양품
4.8791,-0.0103,37.9101,21.0303,18.1546,-5684.5,72.0333,-2.553,0.0695,0.098,15.75,544.0,6.6877,15.78,0.9413,2.0088,,8.942,20.43,2.96,양품
-2.0209,-0.0126,27.8607,24.1178,19.8048,-5685.5,72.8,-3.072,0.0823,0.154,15.69,639.0,7.3463,15.73,0.9649,1.9398,0.0159,8.4537,22.11,2.941,양품
-0.7391,-0.0114,48.2986,10.5451,6.8124,-5534.0,74.4111,-2.505,0.0749,0.103,15.73,295.0,7.0614,15.83,1.319,1.9558,,13.5481,21.44,2.765,양품
-2.8727,-0.0141,44.0889,21.6056,14.9692,-5685.0,67.3778,-2.458,0.072,0.193,15.68,547.0,5.4235,15.71,0.9413,1.9922,,8.58,19.95,2.964,양품
2.6036,-0.009,30.9392,22.7572,8.983,-5499.25,73.8778,-2.553,0.0609,0.08,15.75,605.0,7.635,15.78,0.9413,2.0,,8.942,25.17,2.96,양품
-5.9418,-0.0122,19.6118,13.9209,13.7291,-5761.5,67.7222,-2.458,0.0954,0.206,15.68,353.0,6.4645,15.71,0.9413,2.003,,8.7779,23.54,2.964,양품
-4.9891,-0.0137,43.7557,17.3228,5.1421,-5523.0,69.7667,-2.553,0.0905,0.131,15.75,451.0,6.202,15.78,0.9413,2.0053,0.02,8.8519,19.96,2.96,양품
-2.9718,-0.013,21.6008,5.7623,11.2079,-5424.75,71.8444,-2.6,0.0841,0.086,15.78,151.0,6.2383,15.86,1.087,2.0288,,8.8331,21.05,2.819,양품
-0.9364,-0.0158,25.3365,27.6255,15.4753,-5977.25,71.8,-2.222,0.0703,0.189,15.73,776.0,6.5571,15.79,0.9602,1.9962,,8.5851,23.38,3.03,양품
1.1673,-0.0184,37.032,10.8958,24.3024,-4900.75,74.0444,-2.175,0.0811,0.21,15.71,291.0,5.6573,15.77,0.9318,1.9813,,8.9154,17.27,3.135,양품
0.6009,-0.0094,26.455,1.6516,19.5099,-5264.0,66.2444,-2.175,0.0636,0.06,15.71,41.0,7.1218,15.77,0.9318,2.0023,,8.8105,22.92,3.135,양품
2.6473,-0.0103,35.122,2.4444,13.4852,-5598.75,76.0667,-2.08,0.0501,0.133,15.71,67.0,4.8007,15.79,1.361,1.985,,8.1166,15.34,2.632,양품
0.5364,-0.0132,45.4115,16.5562,8.6073,-5588.25,72.3333,-2.6,0.0804,0.097,15.78,456.0,5.4703,15.86,1.087,1.9845,,8.7609,18.05,2.819,양품
-2.5036,-0.0115,61.7391,16.6277,16.1786,-5062.25,67.2333,-2.505,0.0503,0.119,15.73,427.0,9.8724,15.83,1.319,1.9672,,8.7383,31.87,2.765,양품
-0.6327,-0.0119,26.1328,2.9258,15.7703,-5434.25,70.8667,-2.08,0.0672,0.038,15.71,77.0,5.1895,15.79,1.361,1.9952,,8.8078,15.86,2.632,양품
0.77,-0.0115,21.7391,11.3755,16.6079,-5455.25,75.1667,-2.553,0.0722,0.154,15.75,306.0,5.1206,15.78,0.9413,1.9707,,8.8097,16.38,2.96,양품
-3.1818,-0.0157,46.5339,10.7825,17.0465,-5825.25,68.7667,-2.505,0.0784,0.098,15.73,278.0,5.9905,15.83,1.319,2.0055,,8.6611,18.0,2.765,양품
-0.8436,-0.0095,15.8103,8.4502,10.9482,-5489.5,66.6111,-2.505,0.0768,0.161,15.73,217.0,4.9533,15.83,1.319,2.013,,8.598,16.63,2.765,양품
-2.2409,-0.0127,27.4779,9.3059,13.9346,-5411.0,71.5222,-2.175,0.0394,0.048,15.71,240.0,6.8771,15.77,0.9318,2.0075,,8.8562,23.53,3.135,양품
2.2982,-0.0138,55.7971,14.318,2.4806,-5402.0,67.2778,-2.175,0.0719,0.055,15.71,380.0,6.0821,15.77,0.9318,1.978,,8.6799,19.27,3.135,양품
-3.1255,-0.0129,20.9709,21.7141,39.2471,-5870.5,68.6111,-2.08,0.0803,0.107,15.71,546.0,5.4758,15.79,1.361,2.0152,,8.5862,17.73,2.632,양품
-1.1727,-0.0114,64.8412,30.3693,14.1697,-5293.0,67.4667,-2.647,0.0726,0.144,15.77,812.0,7.9436,15.87,1.465,1.994,0.0515,8.7646,23.52,2.865,양품
1.2955,-0.0108,22.2997,16.6097,11.1718,-5630.25,75.8,-2.647,0.0686,0.141,15.77,437.0,5.7108,15.87,1.465,2.0012,,8.9818,17.84,2.865,양품
-2.9727,-0.0122,44.3077,8.2802,9.9363,-5615.75,73.7222,-2.647,0.0589,0.117,15.77,224.0,7.0117,15.87,1.465,1.9918,,9.0942,19.45,2.865,양품
4.3955,-0.0129,29.4288,6.4919,7.6208,-5353.75,73.0556,-2.647,0.0832,0.131,15.77,169.0,6.2214,15.87,1.465,1.993,,9.0942,18.65,2.865,양품
-3.4964,-0.0113,51.1577,16.3149,13.0829,-5404.0,68.6778,-2.647,0.0587,0.143,15.77,431.0,7.0989,15.87,1.465,1.995,0.0353,8.7646,22.08,2.865,양품
-3.2155,-0.014,20.7885,21.1973,15.4277,-5360.5,71.9333,-3.025,0.0546,0.159,15.7,563.0,4.9774,15.81,1.191,1.983,,8.8597,16.1,3.474,양품
2.0282,-0.0144,31.1688,64.0497,13.0511,-5539.75,66.8222,-2.505,0.0971,0.12,15.73,2113.0,5.6077,15.83,1.319,2.0005,,8.6772,17.32,2.765,양품
-3.6155,-0.0093,63.3557,10.0435,5.0344,-5303.5,67.7778,-2.317,0.0464,0.1,15.69,260.0,5.7218,15.85,1.617,1.9995,0.0,8.7383,21.66,3.517,양품
-4.1018,-0.0156,53.12,25.1301,7.562,-5712.75,75.0,-2.505,0.0845,0.1,15.73,676.0,5.7514,15.83,1.319,1.967,,8.8097,17.05,2.765,양품
0.1982,-0.0116,33.6207,16.7588,21.8567,-5289.0,72.7778,-2.647,0.0924,0.165,15.77,447.0,6.3682,15.87,1.465,2.001,,8.9818,23.82,2.865,양품
-5.9682,-0.0098,21.4286,12.8095,10.3952,-5598.75,73.8333,-1.797,0.0737,0.129,15.76,335.0,5.4541,15.85,1.683,2.0012,0.0146,8.9132,16.92,3.293,양품
-1.4409,-0.012,44.3051,27.3308,23.5912,-5523.25,70.8222,-2.175,0.0682,0.178,15.71,749.0,5.2888,15.77,0.9318,2.0315,0.0518,8.942,16.89,3.135,양품
-2.6709,-0.0132,45.3258,22.3345,15.6706,-5366.75,71.9667,-2.175,0.0715,0.13,15.71,597.0,5.6144,15.77,0.9318,1.9912,0.0247,8.7932,17.46,3.135,양품
0.0327,-0.0121,32.2981,35.7485,18.8021,-5760.0,69.7889,-2.505,0.0506,0.159,15.73,1025.0,5.3256,15.83,1.319,1.974,0.0159,8.8519,16.68,2.765,양품
1.7018,-0.0112,82.2346,9.0927,12.8181,-5078.75,68.8444,-2.458,0.071,0.108,15.6,228.0,5.3665,15.68,1.083,2.0113,0.0233,8.6472,17.64,4.445,양품
-3.3455,-0.0095,64.5503,18.6308,16.0127,-5345.75,73.5778,-3.072,0.0679,0.078,15.69,498.0,7.0125,15.73,0.9649,2.0245,,13.5481,24.72,2.941,양품
-2.4373,-0.0116,30.205,11.821,19.5648,-5515.0,67.5111,-2.6,0.0569,0.201,15.78,321.0,5.3753,15.86,1.087,2.0128,,8.9979,19.0,2.819,양품
-6.0455,-0.0123,30.1733,11.5235,7.7556,-5647.5,67.9444,-1.797,0.074,0.1,15.76,312.0,5.7628,15.85,1.683,1.9867,,8.598,19.91,3.293,양품
-3.2255,-0.0139,50.9417,20.2744,6.0761,-5283.0,68.5667,-2.505,0.0783,0.128,15.73,532.0,5.9209,15.83,1.319,1.9657,,8.598,17.81,2.765,양품
-9.1,-0.0088,66.2857,23.2883,9.4807,-5463.75,71.9444,-2.553,0.0691,0.086,15.75,676.0,7.9693,15.84,1.111,1.9705,0.0136,8.9857,21.89,3.467,양품
2.2727,-0.0172,31.3498,6.1699,11.15,-5569.5,73.5778,-2.6,0.0891,0.158,15.73,177.0,7.9929,15.75,0.8893,1.9855,0.03,8.3159,24.32,2.901,양품
-0.9536,-0.0128,37.4269,13.7304,11.8738,-5390.0,76.7556,-3.025,0.0788,0.05,15.7,355.0,8.9384,15.81,1.191,1.9907,,8.1166,25.43,3.474,양품
-2.5027,-0.0092,30.3935,5.7921,8.1775,-5160.5,71.4667,-2.6,0.0997,0.058,15.78,151.0,6.6904,15.86,1.087,2.0065,0.0269,8.8562,22.78,2.819,양품
-3.8791,-0.0109,41.3793,16.2134,22.848,-5654.75,72.3556,-2.553,0.0697,0.166,15.75,459.0,8.4224,15.84,1.111,1.9912,,8.9857,22.79,3.467,양품
-6.6409,-0.0143,22.4168,23.9892,13.5832,-5455.25,71.5222,-3.025,0.0684,0.226,15.7,666.0,5.959,15.81,1.191,1.9965,,9.4336,16.77,3.474,양품
-5.6945,-0.0121,23.8683,5.2835,15.6988,-5471.75,72.1222,-1.939,0.069,0.066,15.69,140.0,5.1178,15.74,0.9649,1.9965,,8.8331,15.57,2.788,양품
1.5927,-0.0115,95.3413,6.8026,4.8773,-6438.0,64.9778,-2.505,0.3244,0.065,15.73,201.0,6.1268,15.83,1.319,1.8742,,9.0121,21.51,2.765,양품
-2.5345,-0.0128,47.7495,19.1247,16.3646,-5573.0,69.5111,-2.08,0.0636,0.135,15.71,520.0,5.0342,15.79,1.361,1.9992,,8.5862,14.92,2.632,양품
-0.5955,-0.014,37.0766,8.0972,7.9721,-5168.0,68.2,-2.458,0.0575,0.086,15.68,205.0,4.8271,15.71,0.9413,2.0157,,8.6799,15.06,2.964,양품
-4.7818,-0.0114,44.0529,14.3478,2.6355,-5729.5,72.4889,-2.317,0.0859,0.134,15.69,396.0,8.694,15.85,1.617,2.0077,0.0267,8.8097,24.12,3.517,양품
1.63,-0.0114,27.2228,17.3649,17.8903,-5690.25,77.0889,-2.458,0.1095,0.236,15.83,458.0,5.3254,15.87,1.352,2.0157,0.0,8.324,17.5,3.247,양품
-0.4109,-0.0138,44.2831,7.8717,7.3572,-5382.5,67.0889,-3.072,0.1333,0.177,15.69,205.0,6.8109,15.73,0.9649,1.9522,,8.7383,21.25,2.941,양품
-2.9573,-0.0122,26.3104,120.7275,5.6451,-5349.75,71.6,-2.08,0.0746,0.156,15.57,4099.0,5.7176,15.67,0.9649,1.987,,8.7779,18.84,3.454,양품
-0.2136,-0.0019,221.6216,8.036,21.1915,-5077.5,75.9556,-2.08,0.0821,0.126,15.71,210.0,5.7408,15.73,0.8798,2.0202,,8.9818,21.68,3.865,양품
-1.6045,-0.0138,35.604,11.7508,15.43,-5768.0,73.6222,-3.025,0.0714,0.124,15.7,323.0,5.6734,15.81,1.191,2.0105,,8.9818,18.18,3.474,양품
-0.0236,-0.0129,27.1055,19.1896,15.9002,-5132.0,69.3778,-2.505,0.0749,0.161,15.73,502.0,6.1394,15.83,1.319,1.9783,,8.7383,21.15,2.765,양품
-0.0882,-0.0118,18.6047,6.0606,14.3059,-5494.25,73.9667,-3.072,0.0559,0.129,15.69,156.0,5.3034,15.73,0.9649,1.9783,,8.9154,18.16,2.941,양품
-0.5973,-0.0151,25.2492,17.743,20.3917,-5399.25,72.9556,-2.458,0.0911,0.034,15.68,476.0,5.9205,15.71,0.9413,1.9895,0.0156,8.942,18.37,2.964,양품
-0.4682,-0.012,36.6667,24.5442,10.6239,-5741.75,67.6889,-2.647,0.0554,0.157,15.77,700.0,7.5621,15.87,1.465,1.974,,8.8105,22.56,2.865,양품
-4.7991,-0.0132,38.7097,16.7243,4.7794,-5293.5,71.4444,-1.939,0.0523,0.113,15.69,423.0,5.1986,15.74,0.9649,1.956,,8.8624,17.26,2.788,양품
-0.0073,-0.0112,51.9016,20.6403,12.8929,-5607.75,76.9,-2.458,0.067,0.284,15.83,598.0,5.3762,15.87,1.352,2.0085,,8.322,15.15,3.247,양품
-2.5436,-0.0131,45.8015,6.2257,16.6235,-5305.75,67.5667,-2.08,0.0752,0.152,15.71,160.0,4.7538,15.73,0.8798,2.03,0.0302,8.8105,15.3,3.865,양품
3.9982,-0.0103,59.0799,19.1298,9.0472,-5615.0,69.8556,-2.458,0.0748,0.2,15.83,521.0,5.5137,15.87,1.352,1.966,0.0216,8.6472,17.34,3.247,양품
-0.5745,-0.0145,45.3998,9.8798,15.1944,-5258.5,67.0556,-1.797,0.2919,0.127,15.76,259.0,5.6927,15.85,1.683,2.005,,8.8546,18.23,3.293,양품
-9.4318,-0.0116,37.149,16.0933,10.6288,-5315.75,71.1889,-2.175,0.0691,0.256,15.71,428.0,6.5487,15.77,0.9318,2.0065,,8.8597,23.64,3.135,양품
1.47,-0.0111,33.3333,27.7058,14.7489,-5227.5,67.4778,-2.08,0.0601,0.151,15.71,711.0,5.8236,15.73,0.8798,1.9952,0.0138,8.6544,17.92,3.865,양품
3.1645,-0.0103,53.3333,14.4742,20.0329,-5161.5,74.5333,-2.6,0.0646,0.163,15.73,362.0,5.504,15.75,0.8893,1.985,,8.9818,16.73,2.901,양품
-0.8173,-0.0134,50.7937,3.0112,14.3699,-5469.75,72.0222,-2.317,0.0876,0.092,15.69,80.0,5.7259,15.85,1.617,1.9845,,8.942,17.59,3.517,양품
4.1655,-0.0125,39.96,33.1552,13.5572,-5657.5,74.4444,-3.025,0.0842,0.079,15.7,946.0,5.7059,15.81,1.191,2.0,,8.8889,18.21,3.474,양품
-4.15,-0.0085,51.6129,20.5367,4.486,-6576.0,69.3667,-2.6,0.0691,0.117,15.78,618.0,2.7882,15.86,1.087,1.897,,8.7199,9.4,2.819,양품
3.2173,-0.0129,44.3149,13.8839,10.8207,-5461.75,72.1889,-1.939,0.0579,0.081,15.69,364.0,5.2804,15.74,0.9649,2.0335,,8.7597,17.36,2.788,양품
-2.9355,-0.0129,38.6473,11.343,13.1965,-5357.5,67.3,-2.789,0.1185,0.083,15.78,288.0,7.4353,15.89,1.026,2.0097,0.0203,8.9979,25.09,2.948,양품
-4.4927,-0.01,34.0852,6.7974,4.6837,-5508.5,67.2222,-2.553,0.054,0.137,15.75,175.0,7.3851,15.84,1.111,1.9865,0.0162,8.58,23.96,3.467,양품
-5.3318,-0.0116,53.5059,27.6751,13.5021,-5332.5,75.9444,-2.08,0.0509,0.167,15.71,730.0,6.1345,15.73,0.8798,1.982,,8.9818,20.49,3.865,불량
-0.2627,-0.0115,39.0033,10.018,5.6794,-5564.0,68.1333,-2.458,0.0594,0.099,15.83,237.0,5.2551,15.87,1.352,2.0143,,8.8424,16.66,3.247,양품
-4.8382,-0.0092,26.1937,12.4833,13.0665,-5296.0,72.4333,-2.08,0.0541,0.188,15.71,328.0,5.7305,15.73,0.8798,2.0035,0.0326,8.9857,19.37,3.865,양품
-1.02,-0.0088,64.7727,25.569,24.2561,-5528.5,66.7889,-2.458,0.0783,0.15,15.6,705.0,6.0894,15.68,1.083,1.993,,8.8356,15.76,4.445,양품
-0.5045,-0.0093,28.0702,15.1097,9.6897,-5438.75,76.8778,-2.789,0.0917,0.132,15.78,408.0,5.337,15.89,1.026,1.984,,8.2776,16.98,2.948,양품
-0.1545,-0.0164,21.3577,14.21,14.1749,-5770.75,69.8,0.0473,0.083,0.084,15.73,382.0,6.9441,15.82,1.295,2.025,0.0219,8.8909,20.7,2.923,양품
-1.6864,-0.0148,23.569,17.1722,6.5895,-5357.0,74.1889,-3.072,0.1096,0.135,15.69,426.0,7.6239,15.73,0.9649,2.0213,,8.0787,24.08,2.941,양품
-0.8218,0.0062,69.3548,16.5182,14.1422,-5374.0,72.4667,-2.789,0.0805,0.08,15.78,431.0,5.5772,15.89,1.026,1.969,,9.0942,20.17,2.948,불량
1.6336,,,10.6566,11.6792,-5402.75,72.2667,-2.647,0.0707,0.056,15.77,282.0,4.987,15.82,1.361,1.9492,,8.942,16.76,3.129,양품
-1.4973,-0.0109,41.1429,31.2629,8.381,-5512.5,70.1333,-2.647,0.1102,0.23,15.77,794.0,6.2342,15.82,1.361,2.0257,0.0496,9.3868,19.94,3.129,양품
4.0809,-0.0114,31.7181,16.6482,16.5533,-6029.0,75.8667,-1.986,0.0783,0.083,15.73,451.0,6.0733,15.79,1.418,1.9797,,8.322,20.13,2.962,양품
2.8464,-0.0088,55.6818,14.304,12.6028,-5625.75,69.1556,-2.647,0.1045,0.084,15.77,364.0,9.2524,15.82,1.361,1.9845,,8.9036,25.74,3.129,양품
3.6536,-0.0136,36.8664,15.293,9.3311,-5647.75,67.8222,-2.647,0.0998,0.115,15.77,398.0,7.7119,15.87,1.465,1.9952,0.0302,8.9191,25.25,2.865,양품
-1.4355,-0.0131,25.9542,2.4057,3.9657,-5371.0,71.5,0.0473,0.0751,0.006,15.73,59.0,7.3664,15.82,1.295,2.0002,0.0,9.3181,21.5,2.923,양품
-0.7155,-0.0109,34.7032,13.4505,4.8872,-5729.25,67.3778,0.0473,0.0927,0.108,15.73,356.0,5.9531,15.82,1.295,1.9915,0.0289,8.6799,19.59,2.923,양품
0.3209,-0.0101,58.2716,13.0509,5.1625,-5501.25,75.6556,-2.789,0.0893,0.146,15.78,342.0,4.6893,15.89,1.026,2.0265,,8.2832,15.45,2.948,양품
-4.4109,-0.0101,34.6535,19.0312,11.7201,-5341.25,68.0444,-2.553,0.0785,0.213,15.75,496.0,6.3011,15.84,1.111,2.001,,8.6544,21.61,3.467,양품
-5.7473,-0.0074,90.8475,21.0805,13.4114,-5294.0,72.8778,-2.789,0.0941,0.094,15.78,557.0,5.9758,15.89,1.026,1.9843,,9.0942,17.91,2.948,양품
-0.0945,-0.0147,24.5315,10.0269,21.17,-5337.75,67.9,-2.458,0.0683,0.088,15.68,261.0,6.8762,15.71,0.9413,2.0027,,8.8546,22.49,2.964,양품
2.0909,-0.0143,19.5976,17.4122,8.1508,-5398.25,67.9444,-1.986,0.0861,0.221,15.73,471.0,7.487,15.79,1.418,1.989,0.0186,8.8909,24.34,2.962,양품
-0.1464,-0.0118,30.4118,13.3413,28.4701,-5637.5,67.6333,-2.033,0.0838,0.068,15.7,337.0,6.7264,15.76,0.8325,2.004,0.016,8.662,20.78,3.008,양품
1.1473,-0.017,15.2493,13.6887,27.3613,-5442.0,76.0222,-2.647,0.0699,0.162,15.77,348.0,5.2282,15.82,1.361,2.0038,,8.2776,16.54,3.129,양품
-1.9382,-0.0116,37.0291,6.2235,12.6823,-5314.5,71.1778,-2.694,0.0877,0.077,15.66,154.0,7.5017,15.73,0.9176,2.0078,0.0185,9.3181,22.34,3.179,양품
3.5436,-0.0143,43.9407,3.9499,19.2522,-5329.25,68.3778,-2.033,0.0835,0.25,15.7,97.0,6.6434,15.76,0.8325,1.9705,0.0,8.8519,22.59,3.008,양품
0.2073,-0.016,26.9171,15.6388,13.1065,-5333.25,72.1222,-2.694,0.0891,0.21,15.66,433.0,6.8876,15.73,0.9176,1.9803,0.0,8.8597,22.99,3.179,양품
-0.1191,-0.0128,40.6647,15.6311,5.3547,-5546.5,73.0667,0.0473,0.0599,0.136,15.73,417.0,4.969,15.82,1.295,2.0063,,8.2832,17.38,2.923,양품
-1.8827,-0.0141,27.758,13.337,7.9509,-5169.25,69.2111,-2.033,0.0894,0.126,15.7,362.0,6.0932,15.76,0.8325,1.9912,0.0186,8.8909,19.41,3.008,양품
3.3882,-0.0093,54.9865,12.6238,19.3243,-5490.5,67.9667,-2.789,0.0809,0.094,15.78,325.0,6.1193,15.89,1.026,1.989,0.0265,9.7137,19.03,2.948,양품
4.5382,-0.0147,20.4255,26.6842,5.7734,-5629.25,74.8556,-2.694,0.0557,0.191,15.66,711.0,7.8772,15.73,0.9176,2.008,0.0235,8.135,22.58,3.179,양품
0.4982,-0.0076,78.5597,12.46,18.0309,-5302.0,75.2,-1.655,0.0688,0.142,15.62,341.0,8.3294,15.66,1.054,1.9623,0.0228,8.1161,25.53,3.501,양품
4.0736,-0.013,33.7812,30.4011,12.3626,-5435.75,66.2111,0.0,0.1016,0.134,15.58,756.0,5.7489,15.67,0.8798,1.9825,,8.8105,20.56,3.118,양품
1.4427,-0.0148,28.3784,11.9609,14.0373,-5492.5,73.9222,-2.222,0.0713,0.074,15.52,330.0,9.1287,15.66,1.012,1.9918,0.0,13.5481,28.9,2.843,양품
1.0,-0.0145,31.0345,19.1637,7.6123,-5097.0,70.5444,-2.222,0.0803,0.164,15.52,448.0,5.043,15.66,1.012,1.9865,0.0165,8.6968,16.0,2.843,양품
-0.95,-0.0127,40.118,15.735,6.2023,-5207.75,69.0111,-2.222,0.1228,0.127,15.52,399.0,7.8025,15.66,1.012,1.9938,0.2932,8.662,25.41,2.843,양품
-2.2364,-0.0132,34.0587,11.7414,12.0949,-5060.0,75.0444,-2.458,0.083,0.101,15.68,296.0,5.8985,15.71,0.9413,1.9823,,8.9857,18.93,2.964,양품
1.2236,-0.0152,30.2881,13.6986,15.5901,-5465.0,68.0111,-2.222,0.0859,0.143,15.52,365.0,7.2114,15.66,1.012,1.9805,,8.662,23.88,2.843,양품
1.3555,-0.0107,20.4651,9.2676,17.884,-5418.25,68.1778,-2.128,0.0944,0.101,15.64,242.0,7.8701,15.72,1.021,2.0107,0.021,8.7782,24.49,3.283,양품
0.59,-0.0129,23.3236,18.4218,7.2982,-5343.75,74.4444,-2.033,0.0907,0.074,15.7,471.0,7.8792,15.76,0.8325,1.9652,0.0178,8.4537,22.9,3.008,양품
4.5355,-0.012,70.8333,5.0857,10.8519,-5593.5,74.9,-2.742,0.0617,0.063,15.71,129.0,7.6471,15.84,1.305,1.9775,,8.0787,21.75,3.22,양품
-2.3364,-0.0141,41.6961,10.2401,18.241,-4994.25,73.1556,-2.694,0.1082,0.087,15.66,257.0,6.5217,15.73,0.9176,2.0155,0.0209,8.8355,19.39,3.179,양품
-10.4455,-0.0097,36.2225,13.2733,9.765,-5489.0,67.1222,-1.088,0.0674,0.073,15.43,354.0,6.4408,15.53,0.9507,2.0122,0.014,8.6556,17.93,2.893,양품
-2.9491,-0.0144,37.4026,25.0,19.1548,-5774.0,66.6333,-2.742,0.0659,0.113,15.71,658.0,5.2397,15.84,1.305,1.9998,,8.7402,15.88,3.22,불량
0.4782,-0.0114,45.6641,28.6903,19.7415,-5415.0,75.5556,-2.222,0.1646,0.177,15.52,776.0,5.6335,15.66,1.012,1.986,0.0169,8.3591,18.95,2.843,양품
1.4055,-0.0123,41.5902,16.9105,3.0552,-5597.0,72.6111,-2.694,0.0712,0.171,15.66,445.0,5.6146,15.73,0.9176,2.0088,0.0161,8.7597,19.92,3.179,양품
-7.0082,-0.0141,48.1416,11.2859,7.9766,-5303.0,71.0667,-1.939,0.1083,0.096,15.69,278.0,5.93,15.74,0.9649,2.034,,8.5298,19.68,2.788,양품
1.9336,-0.0128,46.1388,29.3165,7.5267,-5447.25,74.4667,-2.742,0.0696,0.144,15.71,815.0,7.201,15.84,1.305,1.9987,0.0147,8.2776,23.89,3.22,불량
6.3491,-0.0084,48.8095,16.3501,14.4838,-5606.25,68.0889,0.0473,0.0743,0.122,15.81,411.0,5.7386,15.92,1.201,1.992,,8.8424,17.74,3.102,양품
6.2755,-0.013,37.0299,19.1406,2.4329,-5631.25,71.4111,-2.033,0.0714,0.111,15.7,510.0,5.0043,15.76,0.8325,2.0212,0.0211,8.5735,18.49,3.008,양품
5.6364,-0.0131,35.1145,14.6447,18.3594,-5632.0,72.7222,0.0,0.104,0.143,15.58,373.0,6.0739,15.67,0.8798,2.0085,0.0391,8.9562,19.92,3.118,양품
-3.7791,-0.0097,62.6444,5.8934,5.5413,-5468.0,72.2889,-2.6,0.0665,0.121,15.78,157.0,6.0095,15.86,1.087,1.9648,0.0,8.8078,19.73,2.819,양품
-1.9482,-0.0111,62.4434,22.523,18.6279,-5400.5,75.8889,-2.742,0.0658,0.136,15.71,624.0,7.2899,15.84,1.305,1.9925,,8.3159,22.36,3.22,양품
1.3282,-0.0048,70.4663,22.8403,6.4764,-5651.25,75.6556,-1.088,0.0974,0.147,15.43,620.0,7.782,15.53,0.9507,1.9825,0.0691,8.0787,23.26,2.893,양품
0.1536,-0.0125,32.1285,17.4009,8.013,-5528.5,72.7778,-2.6,0.087,0.131,15.78,475.0,5.8572,15.86,1.087,1.9728,,9.4336,18.84,2.819,양품
-1.3127,-0.0112,30.3233,7.1329,11.0524,-5863.0,68.3556,-2.128,0.0943,0.116,15.64,179.0,7.6472,15.72,1.021,2.0032,0.019,8.897,24.32,3.283,양품
-1.86,-0.0099,52.7919,14.7704,16.9752,-5631.75,77.3444,-2.08,0.0609,0.203,15.71,394.0,8.0229,15.79,1.361,2.0172,,8.322,24.52,2.632,양품
3.4318,-0.0134,47.0588,17.0685,19.1408,-5773.0,75.2556,-2.789,0.0681,0.208,15.78,469.0,6.3314,15.89,1.026,2.0103,0.0311,8.0787,21.01,2.948,양품
3.1764,-0.0084,43.9169,3.0875,10.6155,-5520.25,75.3667,0.0473,0.0606,0.093,15.73,85.0,7.3032,15.82,1.295,2.004,0.0179,8.1166,22.66,2.923,양품
-2.3591,-0.0123,33.2657,7.2174,11.468,-5511.0,68.2,-2.694,0.0685,0.206,15.66,185.0,6.1464,15.73,0.9176,1.9808,0.0173,8.8424,18.95,3.179,양품
2.3418,-0.0055,40.0,20.2896,8.9935,-5437.25,76.3222,-2.742,0.093,0.25,15.71,557.0,6.91,15.84,1.305,2.0213,,8.1166,24.42,3.22,양품
-6.0255,-0.0105,63.1579,12.7322,8.4986,-5318.5,74.0111,0.0473,0.0915,0.095,15.73,329.0,5.4995,15.82,1.295,1.9605,0.0219,8.9857,19.52,2.923,양품
0.1973,-0.0089,68.3473,1.627,10.5534,-5145.25,68.7667,-2.789,0.0638,0.08,15.78,41.0,5.336,15.89,1.026,2.003,,8.8356,15.96,2.948,양품
2.0673,-0.0134,32.0,7.1876,3.818,-5605.0,73.5,-3.072,0.0706,0.029,15.69,192.0,5.3866,15.73,0.9649,1.9715,,9.0639,16.92,2.941,양품
,-0.0052,104.8544,15.1312,13.2872,-5561.75,72.6,-2.553,0.0817,0.141,15.75,418.0,8.1861,15.84,1.111,1.9998,,8.0787,23.84,3.467,양품
0.2355,-0.0134,65.733,6.8173,6.7125,-5050.25,66.2111,-2.789,0.0604,0.173,15.78,175.0,6.932,15.89,1.026,1.996,,8.7782,22.15,2.948,양품
-3.01,-0.0095,47.2441,30.4529,28.6705,-5190.0,75.2667,-2.317,0.0915,0.137,15.69,785.0,5.1052,15.85,1.617,1.9773,,9.0639,18.04,3.517,양품
1.28,-0.0135,39.1505,8.9024,6.9537,-5191.5,68.0667,-2.694,0.0744,0.102,15.66,219.0,7.9906,15.73,0.9176,2.0042,0.0306,8.7782,23.16,3.179,양품
2.2009,-0.01,31.8804,20.3211,3.9098,-5422.25,69.1556,-2.128,0.0786,0.173,15.64,560.0,5.8383,15.72,1.021,1.9712,,8.8356,19.21,3.283,양품
-3.0055,-0.0095,52.8402,17.9572,15.4036,-5459.75,70.8667,-1.939,0.0743,0.119,15.69,487.0,6.2505,15.74,0.9649,2.0095,,8.7597,20.52,2.788,불량
-1.0982,-0.0097,44.4444,25.1688,21.7159,-5705.5,73.2,-0.2365,0.1005,0.214,15.96,671.0,5.1073,15.94,1.087,1.9912,,8.2914,14.16,4.232,양품
-2.0309,-0.0063,77.4704,11.6169,17.3714,-5912.0,75.3222,-0.2365,0.0638,0.115,15.96,312.0,5.8705,15.94,1.087,1.9745,,8.322,17.91,4.232,양품
-6.6464,-0.009,42.2222,10.6917,5.6053,-5441.25,70.9778,-0.2365,0.068,0.104,15.96,262.0,6.035,15.94,1.087,1.9712,,8.8215,19.54,4.232,양품
-0.5455,-0.0088,50.2857,3.4434,19.4861,-5711.75,69.7778,-0.2365,0.0798,0.142,15.96,86.0,5.3896,15.94,1.087,2.0228,,8.8581,17.68,4.232,양품
-7.1518,-0.0085,52.7859,8.5171,13.6153,-5545.25,67.1667,-0.2365,0.0671,0.141,15.96,225.0,5.3458,15.94,1.087,2.022,,8.7556,17.7,4.232,양품
-6.3845,-0.0052,66.6667,16.5425,7.731,-5316.25,69.6333,0.0,0.113,0.101,16.02,422.0,4.6711,15.99,1.031,1.9758,0.0407,8.662,15.3,4.005,양품
-0.1545,-0.0056,62.5,27.1044,16.1144,-5560.25,74.0667,-0.2365,0.0695,0.182,15.96,710.0,6.3852,15.94,1.087,1.9962,0.0184,9.4749,22.24,4.232,양품
-1.4327,-0.0126,41.3519,6.5658,17.8823,-5357.25,67.2667,-3.072,0.0474,0.049,15.69,166.0,5.7741,15.73,0.9649,1.9857,0.0658,8.7646,20.58,2.941,양품
-5.65,-0.0102,58.8957,6.0052,6.549,-5100.0,73.0556,0.0,0.1154,0.184,16.02,151.0,4.8158,15.99,1.031,1.9768,0.0202,8.8097,15.96,4.005,양품
0.6573,-0.0091,42.9161,10.9956,13.2576,-5498.75,73.8111,0.2838,0.0886,0.134,16.07,304.0,7.7816,16.03,1.286,2.0092,0.0212,8.5298,25.52,4.137,양품
-1.9727,-0.012,53.3333,4.6337,10.8615,-5597.75,74.0667,0.2838,0.0586,0.147,16.07,114.0,5.9509,16.03,1.286,1.9697,,8.3808,20.53,4.137,양품
5.0691,-0.0111,43.9462,8.2037,29.6585,-5138.5,67.4444,0.2838,0.0688,0.165,16.07,203.0,6.2114,16.03,1.286,1.9995,,8.7782,19.81,4.137,양품
-0.5127,-0.0095,35.7424,23.4881,16.6607,-5552.0,67.7889,0.9934,0.0641,0.167,15.77,636.0,5.049,15.78,0.7474,1.9828,,8.7037,16.05,2.803,양품
4.1591,-0.01,55.0,31.7038,3.8926,-5523.25,67.3889,0.9934,0.0636,0.177,15.77,835.0,6.1122,15.78,0.7474,1.9923,0.0261,8.7402,19.97,2.803,양품
3.1373,-0.0085,43.6578,29.0279,13.7802,-5609.5,73.5222,0.9934,0.1098,0.24,15.77,745.0,4.8794,15.78,0.7474,1.9567,,8.3808,16.21,2.803,양품
3.8682,-0.0075,210.596,13.666,13.0387,-5261.25,71.4889,0.2838,0.0707,0.151,16.07,356.0,4.9534,16.03,1.286,1.9968,0.0238,8.8356,15.09,4.137,불량
-5.4145,-0.0087,72.3099,12.073,7.5598,-5370.5,70.0444,-0.1419,0.0852,0.185,15.98,296.0,6.715,15.93,1.135,1.9868,,8.8215,19.51,4.333,양품
-0.6818,-0.0093,47.3755,16.0976,14.3419,-5215.5,68.0778,-0.1419,0.0626,0.122,15.98,409.0,6.2991,15.93,1.135,1.9882,,8.7646,18.66,4.333,양품
4.6891,-0.0088,52.4964,12.7478,12.6583,-5743.25,72.4667,-0.1419,0.0701,0.096,15.98,328.0,8.0684,15.93,1.135,2.0115,,8.8355,27.75,4.333,양품
0.7736,-0.0138,23.8914,12.4815,9.2442,-5398.0,75.9667,0.9934,0.0744,0.105,15.77,338.0,8.6759,15.78,0.7474,1.993,,8.322,25.38,2.803,양품
-0.7109,-0.0139,44.0036,17.5396,22.339,-4995.75,67.1667,0.2838,0.0958,0.163,16.07,468.0,7.3623,16.03,1.286,1.9987,0.015,8.7037,23.86,4.137,양품
3.1527,-0.0076,59.5041,16.7641,4.6192,-5672.0,68.4556,-0.1419,0.0639,0.08,15.98,430.0,6.9611,15.93,1.135,2.0037,,8.897,21.34,4.333,양품
,-0.0109,68.5714,11.4613,13.9467,-5521.0,69.5333,0.2838,0.0948,0.105,16.07,300.0,6.0254,16.03,1.286,2.013,,8.662,17.61,4.137,양품
-3.8864,-0.0084,28.614,16.1345,13.3635,-5627.25,74.5444,1.513,0.0806,0.193,15.69,451.0,5.3752,15.71,0.7379,1.9995,0.0246,8.2776,15.56,3.929,양품
-6.8764,-0.007,76.1221,17.438,20.8221,-5729.5,70.9556,-0.1419,0.0668,0.07,15.98,471.0,6.6633,15.93,1.135,1.9923,,8.6556,20.2,4.333,양품
-0.3955,-0.0071,50.9735,16.2168,12.289,-5346.25,67.0222,-0.1419,0.0757,0.168,15.98,401.0,5.1124,15.93,1.135,1.99,,8.7326,14.87,4.333,양품
0.1364,-0.0098,28.4987,23.7437,10.8593,-5129.25,71.8778,0.9934,0.071,0.171,15.77,580.0,6.3654,15.78,0.7474,1.9995,,8.8356,19.38,2.803,불량
0.5536,-0.0085,29.4551,28.8165,16.5309,-5341.5,76.3333,-0.1419,0.0767,0.102,15.98,798.0,7.0671,15.93,1.135,1.9725,0.0206,9.1141,22.23,4.333,양품
3.2573,-0.0056,68.0089,12.4988,12.702,-5290.5,68.2,-0.1419,0.1234,0.1,15.98,339.0,7.8759,15.93,1.135,1.9935,0.0251,8.9979,24.1,4.333,양품
0.8527,-0.0126,56.3492,10.9502,6.6295,-5475.5,70.5556,0.9934,0.0707,0.058,15.77,276.0,7.2906,15.78,0.7474,2.0395,,9.3868,23.35,2.803,불량
-5.7091,-0.0057,95.8606,13.0864,3.9002,-5333.0,68.0778,0.2838,0.5164,0.112,16.07,355.0,5.2764,16.03,1.286,1.9832,,8.8105,15.83,4.137,불량
3.0718,-0.0113,34.6667,16.7635,16.0014,-5524.5,73.6667,1.419,0.0609,0.235,15.75,469.0,4.7517,15.78,0.7048,1.9748,,8.2914,16.05,3.029,양품
4.9382,-0.0103,39.7094,8.4286,19.3633,-5324.5,69.0667,1.419,0.0605,0.171,15.75,201.0,5.1804,15.78,0.7048,2.01,,8.7037,15.36,3.029,양품
2.8727,-0.0136,27.1311,14.5286,4.5214,-5662.0,69.9333,-2.033,0.0631,0.136,15.7,376.0,7.259,15.76,0.8325,2.0205,0.0183,8.8355,23.07,3.008,양품
-0.63,-0.0114,24.5077,13.7279,11.483,-5826.0,71.8333,0.5204,0.0943,0.04,16.01,370.0,7.4976,15.95,1.144,1.9765,0.0317,8.8355,25.75,4.269,양품
-1.4355,-0.0119,26.0504,11.9236,5.5369,-5219.5,68.4333,1.419,0.0787,0.082,15.69,309.0,8.2179,15.7,0.8089,1.9733,0.0139,9.7137,26.41,2.626,양품
3.7136,-0.0107,44.9649,24.3785,22.5151,-5329.75,73.6889,1.419,0.0841,0.191,15.75,608.0,5.6708,15.78,0.7048,1.958,,8.2345,17.8,3.029,양품
1.04,-0.0111,36.8126,13.3284,14.2501,-5621.0,72.3778,1.419,0.064,0.117,15.75,358.0,7.7467,15.78,0.7048,1.963,0.017,8.8355,24.29,3.029,양품
-3.0909,-0.0053,81.3239,9.5915,12.422,-5248.75,68.7222,1.513,0.0689,0.053,15.69,253.0,5.5404,15.71,0.7379,2.003,,8.7556,17.61,3.929,양품
-1.41,-0.0129,45.5598,12.9084,22.1242,-5329.0,70.1667,1.419,0.0708,0.156,15.75,321.0,7.9791,15.78,0.7048,2.0025,,9.534,24.94,3.029,양품
-0.0182,-0.0084,49.9257,13.5117,18.3002,-5759.5,73.2778,1.513,0.0662,0.053,15.69,356.0,5.4564,15.71,0.7379,1.9973,0.0141,21.5944,16.84,3.929,양품
2.9282,-0.0086,52.0231,14.7489,42.8418,-5345.25,68.4333,0.5204,0.1124,0.251,16.01,373.0,5.4921,15.95,1.144,2.0075,,9.534,18.17,4.269,양품
3.8882,-0.009,33.2871,7.0189,16.1441,-5469.5,67.8,0.5204,0.1282,0.121,16.01,183.0,5.7088,15.95,1.144,1.9777,0.0208,8.7037,18.13,4.269,불량
-3.5727,-0.0082,62.0061,40.9817,19.1393,-5867.5,70.8444,0.5204,0.064,0.254,16.01,1123.0,8.666,15.95,1.144,2.0223,,9.0447,23.61,4.269,양품
0.1627,-0.0093,35.2941,15.1183,20.9518,-5326.5,68.2444,1.419,0.0648,0.029,15.75,393.0,7.4082,15.78,0.7048,1.9988,0.0233,8.6472,23.69,3.029,양품
1.7909,-0.0097,34.0645,28.8889,11.4658,-5224.25,70.0222,0.5204,0.0709,0.201,16.01,806.0,7.3295,15.95,1.144,1.999,,9.534,20.72,4.269,양품
-2.4818,-0.0091,49.2476,18.1446,4.3364,-5719.0,72.0111,0.5204,0.0615,0.111,16.01,487.0,5.1999,15.95,1.144,1.9865,,8.2914,17.88,4.269,양품
0.67,-0.0119,60.5042,12.1851,31.5353,-5432.0,70.2556,-0.5204,0.073,0.114,16.08,318.0,5.31,16.02,1.154,1.9895,,9.0402,14.78,4.253,양품
1.7273,-0.0124,21.8402,8.9011,4.12,-5242.75,67.4222,-0.5204,0.0663,0.171,16.08,227.0,5.821,16.02,1.154,2.01,,9.0402,22.02,4.253,양품
1.8609,-0.0092,61.8725,28.29,15.5253,-5603.75,74.6556,1.419,0.0639,0.258,15.75,754.0,4.9588,15.78,0.7048,1.9958,0.0219,8.8097,17.99,3.029,양품
2.5055,-0.0077,29.6774,16.6027,12.5791,-5294.5,73.9,0.5204,0.068,0.1,16.01,411.0,8.2205,15.95,1.144,2.001,,8.5298,25.81,4.269,양품
1.9764,-0.0138,40.0,16.66,10.8161,-5575.0,71.6,1.419,0.0581,0.083,15.75,419.0,6.9554,15.78,0.7048,2.003,,13.5481,21.45,3.029,양품
3.3064,-0.0084,34.4725,19.1637,2.2547,-5544.0,68.0,1.419,0.0833,0.123,15.69,519.0,5.3497,15.7,0.8089,1.9865,,9.2064,19.92,2.626,양품
-2.1009,-0.0064,77.0138,18.3739,14.6043,-5224.5,67.9222,1.419,0.0827,0.093,15.69,487.0,5.5107,15.7,0.8089,1.972,,8.7556,19.97,2.626,양품
0.7864,-0.0084,64.3815,25.5198,10.7579,-5307.75,70.1778,1.419,0.0692,0.091,15.69,672.0,5.4234,15.7,0.8089,1.971,,8.8973,14.73,2.626,양품
0.9573,-0.0093,63.4409,9.0006,7.9103,-5663.5,68.5889,0.5204,0.0677,0.149,16.01,240.0,5.8239,15.95,1.144,1.9698,,8.8356,18.24,4.269,양품
0.2236,-0.008,73.5202,5.1882,15.6962,-5542.75,72.9667,0.5204,0.0735,0.159,16.01,132.0,6.8055,15.95,1.144,1.9585,,8.3808,21.05,4.269,양품
3.4845,-0.013,49.1835,10.3738,19.2653,-5709.75,68.7111,0.9461,0.0948,0.146,15.62,281.0,6.6303,15.64,0.8514,2.0047,,9.0402,26.84,2.992,양품
-0.1891,-0.011,46.3636,17.957,15.322,-5834.75,72.7556,-0.7569,0.0698,0.25,16.07,461.0,7.1829,16.02,1.281,1.9625,,8.2914,21.79,4.25,양품
-5.55,-0.0078,39.6166,13.6482,6.2626,-5477.0,70.5333,-0.7569,0.09,0.229,16.07,341.0,5.9541,16.02,1.281,1.9777,,8.8215,18.58,4.25,양품
0.7955,-0.0065,41.8605,19.8289,13.2977,-5241.5,67.6889,-1.83,0.0796,0.174,16.09,510.0,5.9205,16.07,1.757,1.9947,,8.8909,16.37,4.684,양품
1.5036,-0.0136,51.3291,10.2819,15.1914,-5095.0,69.4222,2.458,0.072,0.193,15.61,248.0,5.4847,15.65,1.097,1.9872,,8.3383,18.92,3.217,양품
-0.3445,-0.0125,46.493,8.2761,22.7958,-5356.25,67.5556,2.458,0.0572,0.126,15.61,214.0,7.0692,15.65,1.097,1.99,,9.7137,21.9,3.217,양품
-7.1427,-0.0108,47.2222,26.3558,4.0797,-5270.0,68.0,2.458,0.0622,0.16,15.61,684.0,6.2691,15.65,1.097,1.975,,8.3383,18.26,3.217,양품
-4.72,-0.0116,21.5517,11.2197,33.1205,-5247.5,70.2333,2.458,0.0668,0.134,15.61,287.0,7.0345,15.65,1.097,2.0145,,8.3383,20.94,3.217,양품
0.9427,-0.0114,38.6813,20.9203,15.0957,-5445.25,70.4222,2.458,0.0621,0.039,15.61,549.0,6.8448,15.65,1.097,1.9655,,8.3383,22.47,3.217,양품
1.8782,-0.0051,136.9193,15.4464,8.2036,-5461.0,74.7111,1.419,0.0665,0.103,15.69,404.0,7.4313,15.7,0.8089,1.985,,8.3159,20.65,2.626,양품
-3.3427,-0.0112,50.168,15.8853,9.6454,-5422.25,68.6111,-1.83,0.0682,0.036,16.09,399.0,7.6062,16.07,1.757,2.0017,,8.7556,23.9,4.684,양품
0.6855,-0.0059,108.0169,25.0335,19.2086,-5294.5,69.4111,-1.83,0.0953,0.152,16.09,654.0,4.9729,16.07,1.757,1.9875,,8.6556,15.75,4.684,양품
-3.6036,-0.0102,74.4186,21.951,7.2751,-5264.5,69.5222,-0.5204,0.0972,0.165,15.74,571.0,6.4635,15.74,1.276,1.9507,,9.0447,20.95,4.033,양품
1.1991,-0.0084,51.0386,16.7283,14.4505,-5612.25,74.0889,-1.83,0.0632,0.123,16.09,441.0,5.2453,16.07,1.757,2.0033,,8.2345,17.15,4.684,양품
1.5882,-0.0097,41.2371,8.043,7.4899,-5407.25,69.3778,0.9461,0.0813,0.043,15.62,202.0,5.7796,15.64,0.8514,2.0032,,8.6556,17.86,2.992,양품
-6.0636,-0.0079,68.0315,22.1419,12.9944,-5517.75,72.2778,-0.5204,0.0671,0.123,15.8,582.0,5.8805,15.76,1.163,1.991,,8.9036,20.29,4.04,양품
2.5855,-0.0086,50.1458,10.3617,11.3562,-5767.75,71.1,0.9461,0.137,0.095,15.62,270.0,7.5545,15.64,0.8514,2.0225,,9.3868,23.7,2.992,양품
-1.8809,-0.0082,46.4122,20.3981,18.8732,-5733.0,68.7889,-0.5204,0.0714,0.082,15.8,561.0,3.2548,15.76,1.163,1.957,,9.0744,10.27,4.04,양품
-3.7773,-0.0112,56.25,35.089,11.2211,-5454.0,68.8556,0.1419,0.0784,0.07,15.61,996.0,5.1468,15.67,0.8278,2.0213,,8.3383,16.7,3.362,양품
-2.1464,-0.0137,33.5766,14.9701,3.6087,-5320.5,66.2889,-0.9934,0.0755,0.111,15.79,375.0,6.5791,15.73,1.229,1.983,,8.3383,24.05,4.425,양품
0.8045,-0.0096,73.6706,25.4335,45.9305,-5802.25,70.3889,-0.5204,0.1055,0.199,15.8,671.0,6.0393,15.76,1.163,2.0195,,8.9541,20.4,4.04,양품
-1.3618,-0.0106,35.8068,19.3695,15.8558,-5241.0,70.4667,-0.9934,0.0392,0.127,15.79,470.0,5.3109,15.73,1.229,2.0267,,8.3383,16.8,4.425,양품
-3.1382,-0.0125,44.044,25.3868,5.0097,-5529.25,72.5556,-0.9934,0.057,0.108,15.79,644.0,4.7086,15.73,1.229,1.972,,8.627,16.28,4.425,양품
0.3245,-0.0092,58.8556,28.2978,10.8349,-5390.0,68.1333,0.9461,0.3817,0.071,15.62,724.0,7.257,15.64,0.8514,2.0062,,8.8973,22.85,2.992,양품
-9.7682,-0.0115,59.2593,10.5579,17.3333,-5400.0,71.1,0.9461,0.0465,0.11,15.62,273.0,6.3956,15.64,0.8514,2.0103,,9.7137,19.34,2.992,양품
2.6991,-0.011,47.3265,6.0248,19.1473,-5400.25,74.3111,-1.83,0.1011,0.116,16.09,158.0,5.9684,16.07,1.757,1.954,,8.1409,17.57,4.684,양품
-3.7073,-0.0095,25.2632,20.1738,9.9909,-5194.75,76.2333,0.1419,0.0921,0.086,15.61,505.0,7.8776,15.67,0.8278,1.9507,0.0149,9.1637,21.76,3.362,양품
-2.6564,-0.0083,44.3778,22.3232,8.5079,-5371.5,69.9556,-0.5204,0.0925,0.241,15.74,602.0,6.3991,15.74,1.276,2.021,,9.0447,20.21,4.033,양품
-7.87,-0.0086,89.7959,19.9713,11.3965,-4992.75,67.9889,0.9461,0.0649,0.133,15.62,521.0,5.0304,15.64,0.8514,1.9855,,8.7556,18.04,2.992,양품
-1.99,-0.0093,64.1711,17.9104,17.5337,-5526.5,69.6222,0.1419,0.0753,0.158,15.61,450.0,5.4252,15.67,0.8278,2.0097,,9.534,17.88,3.362,양품
-5.8855,-0.009,42.1637,17.3124,8.9892,-5295.25,69.2889,-0.7569,0.0687,0.148,16.07,477.0,8.2363,16.02,1.281,1.979,,8.9541,20.99,4.25,양품
4.3618,-0.017,29.912,12.3118,19.8673,-5426.0,68.3667,-1.83,0.0918,0.147,16.09,325.0,7.8763,16.07,1.757,1.9997,0.0164,8.7646,23.87,4.684,양품
-7.6655,-0.0148,35.8108,10.7015,14.7698,-5186.25,68.5667,-0.9934,0.0654,0.1,15.79,270.0,6.4221,15.73,1.229,2.036,,8.6556,17.92,4.425,양품
1.1655,-0.0117,41.0256,18.381,10.9287,-5389.5,65.0889,-1.83,0.0687,0.128,16.09,453.0,5.669,16.07,1.757,2.021,,8.8105,18.19,4.684,불량
8.1455,-0.0114,51.8112,10.8519,15.7822,-5233.75,66.0111,-0.7569,0.0758,0.076,16.07,271.0,5.7746,16.02,1.281,1.9998,,8.7187,19.79,4.25,불량
1.6482,-0.0077,86.1338,17.7838,19.6326,-5633.5,70.6444,0.1419,0.1029,0.149,15.61,463.0,5.6479,15.67,0.8278,1.9907,,8.8215,18.22,3.362,양품
-1.4227,-0.0087,65.6115,10.4964,15.1793,-5619.5,67.1444,-0.7569,0.0922,0.136,16.07,277.0,4.9714,16.02,1.281,1.9897,,8.7326,17.26,4.25,양품
0.0955,-0.0091,29.7521,22.9419,9.818,-5357.5,69.2667,-0.7569,0.0669,0.178,15.87,588.0,8.5157,15.88,1.357,2.0062,,9.2064,26.7,4.146,양품
7.1009,-0.0089,54.1608,12.2553,8.2434,-5070.75,70.3667,-0.5204,0.0762,0.18,15.8,324.0,5.9591,15.76,1.163,1.9475,,9.0744,20.11,4.04,양품
1.5273,-0.0132,31.09,7.2628,19.1267,-5421.75,71.1556,0.2365,0.055,0.115,15.74,186.0,8.0688,15.8,0.946,1.9803,,8.9036,27.49,3.267,양품
1.8582,-0.0093,46.1126,9.5608,7.3806,-5311.25,73.1444,-0.7569,0.0803,0.134,15.87,252.0,5.7646,15.88,1.357,1.9865,0.0374,8.5735,19.12,4.146,양품
0.2336,-0.0117,38.5852,9.0515,42.2296,-5207.25,68.6222,0.2365,0.0634,0.047,15.74,235.0,6.0147,15.8,0.946,1.9905,,8.6556,20.16,3.267,양품
1.0482,-0.0101,64.1184,22.647,9.5272,-5594.5,70.5778,-0.5204,0.0719,0.228,15.8,622.0,7.0488,15.76,1.163,1.9768,,9.534,18.93,4.04,양품
-1.03,-0.013,22.2863,9.6821,16.8435,-5349.25,69.0111,0.2365,0.0544,0.12,15.74,252.0,7.1241,15.8,0.946,2.006,,9.0402,20.89,3.267,양품
-1.0445,-0.0131,43.3873,17.2726,20.3457,-5337.75,70.6778,0.2365,0.0577,0.058,15.74,462.0,5.6802,15.8,0.946,1.9897,,8.9036,18.9,3.267,양품
0.5982,-0.0105,35.2381,7.0739,13.5312,-5424.5,69.0333,0.2365,0.0965,0.125,15.74,174.0,5.3937,15.8,0.946,2.0063,,9.2064,18.17,3.267,양품
0.4264,-0.0104,73.253,9.7197,7.7176,-5092.25,70.5333,-0.8042,0.0645,0.123,15.87,254.0,5.9246,15.87,1.229,1.997,,8.7187,18.72,4.207,양품
1.3255,-0.0123,31.6109,11.6433,19.41,-5440.5,67.8556,-0.8042,0.0692,0.195,15.87,299.0,7.9193,15.87,1.229,2.0213,,8.7646,25.83,4.207,양품
-3.4191,-0.0095,52.7009,6.4785,18.5488,-5412.75,72.8556,0.1419,0.0917,0.075,15.61,167.0,5.9569,15.67,0.8278,1.9773,,8.2914,19.04,3.362,양품
0.1773,-0.0126,43.6941,27.2611,13.5573,-5731.25,68.6111,-0.8042,0.0599,0.167,15.87,743.0,7.8425,15.87,1.229,1.9675,,8.7646,25.4,4.207,양품
-1.7336,-0.0098,40.9731,18.0085,3.6537,-5200.25,71.7889,-0.5204,0.0619,0.257,15.74,444.0,4.649,15.74,1.276,1.9505,,9.1526,15.13,4.033,양품
-6.74,-0.0084,41.543,23.7428,5.0967,-5415.25,69.2444,0.1419,0.0677,0.15,15.61,635.0,6.1771,15.67,0.8278,1.9943,,9.7137,16.67,3.362,양품
-3.1927,-0.0088,40.7932,11.059,8.0869,-5156.5,73.0778,0.1419,0.0619,0.165,15.61,289.0,4.475,15.67,0.8278,1.99,0.0249,8.4537,14.95,3.362,양품
2.7927,-0.0091,56.044,32.1569,5.8674,-5419.75,73.1222,-0.8042,0.1044,0.145,15.87,877.0,5.3451,15.87,1.229,1.9645,,8.2345,17.25,4.207,양품
3.64,-0.0127,63.6542,14.4916,22.7239,-5470.0,71.0889,-0.8042,0.1103,0.19,15.87,362.0,7.9278,15.87,1.229,2.0133,,9.2064,24.33,4.207,양품
1.0691,-0.0084,84.3982,13.0575,15.1816,-5645.0,75.2333,-0.5204,0.0681,0.161,16.08,325.0,4.8521,16.02,1.154,1.9933,0.0363,8.9833,15.87,4.253,불량
-1.8736,-0.0074,31.0811,12.6097,17.1675,-5399.75,70.6667,1.419,0.0689,0.111,15.75,316.0,5.6345,15.78,0.7048,1.997,,8.8973,16.05,3.029,불량
5.7309,-0.0086,60.6414,15.2687,29.8092,-5280.25,70.9444,-0.7569,0.0843,0.219,15.87,380.0,4.0778,15.88,1.182,2.0005,0.1143,9.534,11.76,4.296,양품
-4.0527,-0.0079,65.4088,24.7025,13.4729,-4921.0,69.9556,2.458,0.0495,0.125,15.61,602.0,5.8493,15.65,1.097,2.002,,8.9036,16.79,3.217,불량
-2.5418,-0.0055,107.5171,23.8489,18.7424,-5554.25,71.0667,1.419,0.0853,0.195,15.75,628.0,4.8906,15.78,0.7048,1.969,,8.8973,17.13,3.029,불량
-6.6455,-0.0105,30.5489,23.6125,8.2702,-5284.0,70.0778,0.0,0.074,0.135,15.78,602.0,5.6453,15.77,1.276,2.0227,,8.9036,19.13,4.076,불량
1.0518,-0.0119,31.0924,7.9235,8.6904,-5396.75,70.3556,-0.8042,0.0882,0.111,15.87,205.0,4.0382,15.87,1.229,1.9837,,9.0744,12.31,4.207,양품
-0.81,-0.0096,21.9608,12.8562,6.7545,-5048.5,69.0333,-1.277,0.0546,0.17,15.78,335.0,4.5788,15.87,1.22,1.98,,9.1526,13.2,4.156,양품
-5.1491,-0.0089,39.2707,31.4694,7.2681,-5489.75,74.3778,-1.277,0.0665,0.193,15.78,854.0,6.5356,15.87,1.22,1.97,0.0,9.1637,19.77,4.156,양품
6.2636,-0.0109,29.2571,28.9509,6.9093,-5673.5,72.3667,-1.277,0.0687,0.191,15.78,812.0,7.2888,15.87,1.22,1.9885,,9.7571,18.37,4.156,양품
-4.8873,-0.0098,35.7143,13.0645,14.8089,-5652.0,72.0444,-1.277,0.0703,0.105,15.78,358.0,5.1937,15.87,1.22,2.001,,8.7609,15.29,4.156,양품
-2.15,-0.0123,65.9207,12.9583,14.6861,-5467.75,74.8556,-0.615,0.063,0.105,15.84,334.0,6.496,15.88,1.338,1.99,,8.1409,19.05,4.185,양품
-1.97,-0.0111,27.8652,31.5318,13.409,-5377.0,74.9222,1.655,0.1505,0.197,15.75,792.0,5.6848,15.82,0.946,1.9545,,9.088,17.59,2.84,양품
0.7,-0.0102,36.2301,5.7565,22.8394,-5311.0,76.4889,-0.615,0.094,0.065,15.84,148.0,8.5613,15.88,1.338,2.0057,,9.088,23.33,4.185,양품
-2.7136,-0.0129,16.3107,25.7378,17.9707,-5425.5,74.0889,-1.277,0.0725,0.13,15.78,665.0,7.6071,15.87,1.22,1.992,,9.6515,22.09,4.156,양품
-5.2427,-0.0118,34.8936,3.7795,11.9318,-5439.25,74.9556,-0.615,0.055,0.08,15.84,97.0,7.017,15.88,1.338,1.9935,,8.8097,20.08,4.185,양품
-2.8055,-0.0113,48.5651,16.9003,9.3067,-5361.75,74.6,-0.615,0.0946,0.138,15.84,428.0,6.7837,15.88,1.338,1.9917,,9.6515,21.84,4.185,양품
-4.6582,-0.0123,38.9452,21.0605,14.2377,-5506.5,67.6333,-0.615,0.0838,0.123,15.84,560.0,8.7342,15.88,1.338,1.9977,,8.7326,23.81,4.185,양품
-1.1455,-0.0106,33.8028,6.2671,11.3232,-5475.5,70.5444,-0.7569,0.0748,0.117,15.87,160.0,7.5121,15.88,1.357,2.0115,,9.3181,22.65,4.146,불량
3.1336,-0.0062,53.2258,15.1341,16.5862,-5486.5,70.0444,-1.83,0.2274,0.161,16.09,402.0,4.8532,16.07,1.757,2.0045,,8.7556,17.59,4.684,불량
3.6809,-0.0115,32.9718,14.994,5.5716,-5546.0,70.4,1.655,0.0656,0.056,15.75,403.0,7.285,15.82,0.946,2.0085,,9.0744,20.23,2.84,양품
5.17,-0.0114,48.4048,5.0198,5.9792,-5285.0,74.5333,-0.615,0.0571,0.139,15.84,127.0,7.2793,15.88,1.338,1.9923,,8.2061,23.31,4.185,양품
-1.2955,-0.0099,54.8223,12.3213,13.2135,-5312.75,70.8778,-0.615,0.1146,0.184,15.84,306.0,8.243,15.88,1.338,1.9865,,8.8215,21.08,4.185,양품
3.8109,-0.0102,69.7789,18.7085,11.0641,-5260.25,72.8444,-0.615,0.0448,0.14,15.84,486.0,6.8522,15.88,1.338,2.0088,,8.9605,19.79,4.185,양품
2.0509,-0.0114,60.6593,16.7064,15.8303,-5445.25,67.9778,-0.615,0.0809,0.201,15.84,420.0,6.612,15.88,1.338,1.989,,8.6556,22.9,4.185,양품
0.6327,-0.0107,59.0164,6.7735,12.0587,-5431.75,76.9333,0.0,0.0772,0.15,15.86,187.0,6.9689,15.79,1.229,1.9805,,8.324,20.24,4.162,양품
1.7036,-0.0115,44.2037,16.7909,10.4505,-5483.0,75.8889,0.0,0.1061,0.167,15.86,428.0,5.3636,15.79,1.229,1.9457,,9.088,18.11,4.162,양품
-1.7818,-0.0119,21.8258,31.7004,27.1897,-5149.0,76.3778,1.655,0.1166,0.15,15.75,783.0,7.3056,15.82,0.946,2.0055,,8.2061,22.98,2.84,양품
-2.2373,-0.0125,33.7011,17.1971,13.7069,-5398.75,74.4444,0.0,0.0912,0.117,15.86,439.0,6.4999,15.79,1.229,1.9943,,9.1637,20.09,4.162,양품
-4.9627,-0.0117,23.0523,9.2855,25.6205,-5238.0,69.6667,1.655,0.0924,0.133,15.75,256.0,6.999,15.82,0.946,1.9805,,9.1526,20.2,2.84,양품
-2.0327,-0.0124,33.0312,5.5584,19.2262,-5305.25,68.4556,-1.229,0.0887,0.076,15.84,138.0,8.1124,15.81,1.347,1.9875,,9.1526,23.47,3.959,양품
-1.8709,-0.0114,23.7624,8.8582,13.1061,-5516.5,76.6556,0.0473,0.0818,0.154,15.85,231.0,6.3841,15.8,1.376,1.9975,,9.1141,20.77,4.255,양품
3.7555,-0.0117,44.3497,22.7389,7.7795,-5206.0,69.0333,1.655,0.0973,0.14,15.75,599.0,7.7094,15.82,0.946,1.9875,,9.2064,25.11,2.84,양품
-4.8609,-0.0115,35.6522,23.0464,66.439,-4977.5,74.0778,-1.371,0.0947,0.185,15.91,581.0,6.914,15.85,1.229,2.0032,,9.6515,24.28,4.178,양품
-0.1145,-0.01,31.9202,8.625,10.6208,-5404.5,70.1889,0.0473,0.0948,0.172,15.85,215.0,7.1176,15.8,1.376,2.0042,0.0219,8.8215,22.12,4.255,양품
-3.9255,-0.0118,53.5032,15.65,15.5314,-5241.0,69.9556,0.0,0.0783,0.095,15.86,381.0,7.1302,15.79,1.229,1.9863,,8.8973,21.94,4.162,양품
-3.54,-0.0111,51.5254,21.0229,21.322,-5393.5,67.0889,0.0,0.0879,0.09,15.86,559.0,6.3854,15.79,1.229,2.0013,,8.627,17.45,4.162,양품
-5.68,-0.0113,26.4901,9.0211,12.005,-5422.75,71.0,0.0473,0.0942,0.216,15.85,232.0,5.896,15.8,1.376,1.953,,8.8215,18.97,4.255,양품
2.4209,-0.0122,25.4882,17.3497,45.9192,-5130.75,73.3667,0.0473,0.0591,0.218,15.85,453.0,5.114,15.8,1.376,1.9842,,8.7786,17.93,4.255,양품
-0.3136,-0.011,63.5641,21.8022,14.9103,-5392.25,70.1556,0.2838,0.14,0.155,16.07,571.0,8.8015,16.03,1.286,1.9777,,9.0447,26.71,4.137,불량
-0.0345,-0.0064,46.875,13.0573,13.5622,-5390.0,70.2556,1.419,0.0885,0.145,15.69,339.0,5.3009,15.7,0.8089,2.0025,,9.3181,15.78,2.626,불량
-1.2164,-0.0108,45.5814,21.4815,26.7526,-5274.25,73.0778,-0.615,0.0884,0.288,15.84,551.0,5.2422,15.88,1.338,1.959,,9.6515,17.4,4.185,불량
1.8109,-0.0128,45.4012,16.6204,23.2973,-5043.5,75.5778,0.0,0.1036,0.149,15.86,434.0,4.8013,15.82,1.593,1.9788,0.0351,9.1141,16.47,4.136,양품
1.2109,-0.0097,16.5589,25.1203,7.0302,-5547.5,74.9556,0.0,0.0967,0.092,15.86,731.0,6.5606,15.82,1.593,1.9902,,8.9818,19.63,4.136,양품
-2.5945,-0.0121,44.4444,7.3532,24.5538,-5294.5,74.7,0.0,0.1387,0.104,15.86,196.0,6.2475,15.82,1.593,2.0017,,9.6515,20.88,4.136,양품
-2.91,-0.0126,24.5788,20.4697,8.2141,-5259.25,67.2,0.0,0.0878,0.262,15.86,536.0,7.3243,15.82,1.593,1.9752,,8.8105,21.04,4.136,양품
-3.2436,-0.0099,30.2267,27.4616,22.9636,-5395.5,76.3,-0.8042,0.1273,0.169,15.74,684.0,7.1874,15.78,1.366,1.999,,9.1637,20.11,3.882,양품
-3.6345,-0.0109,40.2286,14.0099,14.7118,-5573.75,72.4222,0.0,0.0783,0.17,15.86,410.0,5.8711,15.82,1.593,2.0225,,8.9605,21.15,4.136,양품
-3.9927,-0.0106,53.584,6.4325,19.2455,-5487.0,77.9,-0.8042,0.0918,0.078,15.74,174.0,6.7416,15.78,1.366,2.0025,,8.2061,25.08,3.882,양품
-2.3618,-0.0144,38.8215,15.0351,5.9276,-5364.75,67.0222,-0.8042,0.0615,0.107,15.74,369.0,6.836,15.78,1.366,2.014,,8.627,19.91,3.882,양품
4.7282,-0.01,50.8728,17.1461,22.0514,-5464.5,69.1111,0.0,0.075,0.237,15.86,456.0,6.9325,15.82,1.593,1.9983,,9.0447,19.95,4.136,양품
-3.1964,-0.0073,45.0512,8.4512,8.1305,-5362.5,68.4333,-0.8042,0.0903,0.075,15.74,221.0,6.2762,15.78,1.366,2.0092,,8.627,21.28,3.882,양품
-1.5036,-0.0117,25.5591,13.2169,7.1588,-5378.0,73.3111,-0.8042,0.0811,0.104,15.74,333.0,4.9589,15.78,1.366,2.008,,9.7571,13.34,3.882,양품
8.9964,-0.0124,35.4481,7.9746,16.6113,-5339.75,74.9778,-0.8988,0.065,0.173,15.73,201.0,6.9415,15.77,1.201,2.0252,0.0203,9.1141,22.43,4.058,양품
-0.4109,-0.0109,63.0137,13.1786,9.5216,-5492.75,70.2222,-0.8988,0.065,0.101,15.73,352.0,6.1033,15.77,1.201,1.984,,9.534,16.68,4.058,양품
-6.5027,-0.012,37.422,11.3925,20.5728,-5342.0,67.4778,-0.8988,0.0609,0.145,15.73,289.0,5.3559,15.77,1.201,1.964,,8.7286,15.75,4.058,양품
-3.7673,-0.0112,24.2152,12.1875,14.5136,-5656.75,72.4556,-0.8042,0.1,0.123,15.74,312.0,9.4679,15.78,1.366,1.9582,,8.3845,27.05,3.882,양품
3.3691,-0.0111,52.1348,20.7103,11.5538,-5522.0,74.0111,-0.8988,0.0904,0.143,15.73,570.0,5.4071,15.77,1.201,1.9748,0.0274,9.1637,17.15,4.058,양품
1.3355,-0.0111,61.3995,3.3368,19.9331,-5302.75,76.6556,-0.8042,0.1053,0.219,15.74,89.0,4.8265,15.78,1.366,2.0078,,8.1409,15.35,3.882,양품
-3.4327,-0.0122,27.1326,10.0568,1.8421,-5482.75,73.6222,-0.8988,0.1221,0.074,15.73,261.0,8.5633,15.77,1.201,1.9977,,9.088,26.83,4.058,양품
-3.8691,-0.0082,46.5544,2.3014,2.1703,-6496.75,73.1333,-0.8042,0.1118,0.065,15.74,52.0,9.0982,15.78,1.366,1.7875,,8.9607,25.74,3.882,양품
4.9336,-0.0099,62.9442,12.0137,10.8892,-5519.25,68.4111,-0.8988,0.0936,0.14,15.73,315.0,5.8045,15.77,1.201,2.0105,,9.0744,20.11,4.058,양품
1.1891,-0.008,65.9409,17.028,8.4961,-5414.25,69.8667,-0.8042,0.1337,0.159,15.74,434.0,6.7082,15.78,1.366,1.9795,,9.2064,21.08,3.882,양품
-2.3109,-0.0124,55.5891,3.6976,5.4932,-6553.5,75.2889,0.6623,0.0448,0.201,15.76,84.0,7.4485,15.76,0.7474,0.6258,,8.6024,25.54,3.205,양품
-3.0645,-0.0115,44.2516,17.4449,24.4408,-5711.75,76.6,0.6623,0.0471,0.191,15.76,481.0,6.8386,15.76,0.7474,1.9763,,8.2061,21.51,3.205,양품
-1.99,-0.0084,33.1852,2.6452,15.702,-5477.0,76.5,0.5204,0.0629,0.095,15.66,69.0,7.5402,15.7,0.9602,1.9875,,8.1409,21.87,2.679,양품
3.1727,-0.0085,34.1679,17.6342,9.0618,-5694.25,68.6667,0.6623,0.0785,0.083,15.76,464.0,7.0465,15.76,0.7474,2.009,,9.9095,17.48,3.205,양품
1.8318,-0.0117,51.3919,10.5924,21.5766,-5946.25,74.1667,0.5204,0.0858,0.097,15.66,291.0,7.3869,15.7,0.9602,1.9853,,8.6024,22.34,2.679,양품
-4.9191,-0.0105,23.8379,43.845,20.4513,-5540.0,74.8889,0.5204,0.0726,0.112,15.66,1219.0,7.072,15.7,0.9602,1.9963,,8.3845,23.34,2.679,양품
-2.3264,-0.0116,32.6882,18.5733,13.564,-5418.75,76.0556,0.6623,0.0805,0.145,15.76,496.0,5.2364,15.76,0.7474,1.9893,,8.2061,19.01,3.205,양품
-6.2591,-0.0096,68.6606,11.0569,29.4407,-5587.5,75.3556,0.6623,0.0634,0.039,15.76,289.0,7.6422,15.76,0.7474,2.012,,9.088,27.26,3.205,양품
-0.4636,-0.0077,29.8217,6.36,14.6988,-5524.25,77.2222,0.5204,0.0746,0.125,15.66,169.0,4.5381,15.7,0.9602,2.0107,,9.1141,13.49,2.679,양품
-0.28,-0.0107,41.0735,6.3596,5.5416,-6370.0,73.1778,0.3784,0.07,0.099,15.73,145.0,8.1889,15.72,0.9365,1.7937,,8.9607,25.97,2.398,양품
4.7382,-0.0094,53.4759,8.7019,22.3929,-5403.5,70.4333,0.6623,0.0706,0.159,15.76,243.0,7.6719,15.76,0.7474,1.9663,,8.9541,25.4,3.205,양품
-6.4945,-0.0117,38.6266,10.5886,11.1056,-5573.75,68.9,0.5204,0.0995,0.067,15.66,273.0,7.5794,15.7,0.9602,2.0027,,8.627,22.98,2.679,양품
-3.9618,-0.0119,24.3442,5.2074,18.2918,-4958.5,77.1222,0.5204,0.0514,0.085,15.66,129.0,5.6581,15.7,0.9602,1.9892,,8.2061,18.37,2.679,양품
-2.49,-0.0063,68.8,17.6291,16.9621,-5247.0,68.7,0.2838,0.4892,0.123,16.07,448.0,5.4164,16.03,1.286,1.9572,,8.8909,15.67,4.137,불량
-0.5345,-0.0134,47.7167,13.2285,25.155,-5442.25,68.8667,0.5204,0.0589,0.1,15.66,345.0,8.7276,15.7,0.9602,2.0212,,9.9095,22.55,2.679,양품
-7.8145,-0.0121,22.3602,15.9123,26.6679,-5441.0,74.6111,0.5204,0.0823,0.077,15.66,428.0,7.6173,15.7,0.9602,1.9825,,9.1637,22.67,2.679,양품
-2.9791,-0.0123,62.6653,9.5132,11.9518,-5597.5,73.3556,0.3784,0.0597,0.181,15.73,255.0,7.2437,15.72,0.9365,2.0197,,8.3271,20.66,2.398,양품
0.3173,-0.013,32.2148,9.8488,9.9639,-5399.5,68.2444,-0.3311,0.0582,0.124,15.77,254.0,7.6902,15.73,1.163,1.9785,,9.0402,24.2,3.853,양품
-3.4618,-0.0126,44.4886,16.8841,19.2844,-5429.25,74.1444,0.3784,0.087,0.218,15.73,427.0,6.2287,15.72,0.9365,1.9783,,8.3808,20.94,2.398,양품
-3.4391,-0.0113,49.4481,29.1182,10.5654,-5650.5,74.1,-0.3311,0.0736,0.279,15.77,795.0,7.0636,15.73,1.163,2.0135,,9.7571,22.13,3.853,양품
-3.5573,-0.0103,57.0738,19.852,25.9856,-5168.25,75.4444,0.3784,0.0527,0.207,15.73,523.0,7.3566,15.72,0.9365,1.9638,,8.2963,22.08,2.398,양품
2.6827,-0.0131,32.8558,14.9374,9.2035,-5226.25,70.7667,0.3784,0.0741,0.145,15.73,379.0,4.9049,15.72,0.9365,2.0048,,9.0744,15.64,2.398,양품
1.7791,-0.0107,32.7485,4.5752,3.9494,-6456.75,72.6222,-1.466,0.1097,0.092,15.75,103.0,6.7658,15.7,1.248,1.7893,,8.9607,18.17,4.333,양품
-1.4627,-0.013,25.3846,26.3209,35.4109,-5362.75,72.9778,0.3784,0.0894,0.35,15.73,680.0,5.0517,15.72,0.9365,1.98,,9.7571,16.37,2.398,양품
-5.4282,-0.0119,27.7603,17.7199,34.2508,-5313.75,73.6222,0.9461,0.0674,0.029,15.69,490.0,6.9595,15.73,0.8231,1.9453,,8.3675,22.28,3.23,양품
-1.4609,-0.0119,38.6555,16.1011,25.9097,-5689.0,74.7222,-0.9461,0.0542,0.178,15.73,433.0,7.7137,15.73,1.13,1.9942,,8.3267,22.63,4.138,양품
-4.8009,-0.0118,46.4135,6.4988,29.8588,-5398.75,77.1222,-0.9461,0.0672,0.108,15.73,169.0,6.2364,15.73,1.13,2.0,0.016,8.324,21.31,4.138,양품
-2.6682,-0.0095,48.6772,16.1105,14.0221,-5284.5,77.0556,0.0,0.0584,0.093,15.77,414.0,5.584,15.75,1.177,1.9525,,8.1409,18.75,2.858,양품
-2.2582,-0.014,34.9065,13.5343,11.0826,-5657.5,72.2333,-0.9461,0.0746,0.162,15.73,348.0,5.9525,15.73,1.13,2.0093,,8.5615,20.06,4.138,양품
-1.8509,-0.0124,28.3114,6.0137,4.2052,-6349.25,73.8556,-0.3311,0.0616,0.081,15.77,136.0,7.1604,15.73,1.163,1.8068,,8.4891,21.95,3.853,양품
-1.97,-0.0086,97.8166,10.1895,23.2438,-5231.5,67.0111,-0.9461,0.0546,0.098,15.73,254.0,7.1306,15.73,1.13,1.996,,8.662,23.24,4.138,양품
-4.5718,-0.0116,48.4848,1.9417,3.0491,-6461.0,73.0667,-0.3311,0.0569,0.085,15.77,44.0,8.1814,15.73,1.163,1.7912,,8.9607,24.36,3.853,양품
-0.5655,-0.0126,37.9822,37.6358,17.2282,-6106.25,68.7556,-0.9461,0.0684,0.104,15.73,1065.0,6.0136,15.73,1.13,2.0103,,9.2036,18.87,4.138,양품
-2.0991,-0.0112,40.8889,7.6178,9.0242,-6504.75,69.2222,0.0,0.06,0.071,15.71,171.0,6.1777,15.7,1.276,1.7913,,8.1605,20.68,4.04,양품
-5.1618,-0.0104,40.3361,14.0004,8.698,-5553.0,74.6667,0.0,0.0719,0.147,15.73,368.0,7.2873,15.71,1.465,1.9937,,8.4891,25.36,4.149,양품
1.7736,-0.0094,69.241,14.3476,5.2824,-5187.0,70.7889,-0.9461,0.0754,0.143,15.73,356.0,6.5287,15.73,1.13,1.9735,,9.193,22.23,4.138,양품
-0.3409,-0.0116,30.9677,28.218,12.9229,-5254.25,72.6667,0.0,0.0854,0.087,15.71,730.0,8.9079,15.7,1.276,1.9933,,8.451,22.6,4.04,양품
2.8236,-0.0131,29.0353,16.9323,4.2069,-5514.75,71.5556,0.0,0.0735,0.143,15.71,433.0,7.6664,15.7,1.276,1.9968,,9.4749,25.54,4.04,양품
3.6255,-0.0144,21.5278,26.65,4.8617,-5594.75,70.8889,0.0,0.0918,0.212,15.71,746.0,8.1372,15.7,1.276,1.98,,8.8973,25.47,4.04,양품
0.2336,-0.0129,37.2816,26.2556,21.5395,-5329.75,67.4889,0.0,0.0822,0.124,15.71,694.0,6.9544,15.7,1.276,1.9892,,8.6968,20.59,4.04,양품
-5.8273,-0.0139,34.4086,22.8762,10.7138,-5432.25,67.7222,0.0,0.052,0.233,15.73,583.0,5.4969,15.71,1.465,1.986,,8.9541,18.65,4.149,양품
-3.4873,-0.009,35.4571,9.6132,2.099,-5431.25,69.4778,-0.9461,0.0501,0.114,15.73,251.0,9.2888,15.73,1.13,1.9888,,8.662,24.41,4.138,양품
-5.3264,-0.0104,40.4332,5.75,9.8297,-5636.0,73.0667,0.3784,0.0593,0.117,15.73,147.0,7.4312,15.72,0.9365,2.0152,,8.3675,25.15,2.398,양품
-2.1264,-0.0124,29.899,2.3478,2.0388,-6376.25,72.8556,0.0,0.0405,0.216,15.73,54.0,6.7247,15.71,1.465,0.7112,,8.6024,21.46,4.149,양품
-5.7373,-0.0114,44.8845,21.5872,13.5088,-5337.25,68.2667,0.0,0.0509,0.153,15.71,559.0,6.9035,15.7,1.276,1.989,,9.9095,21.75,4.04,양품
0.2055,-0.0101,39.604,6.1625,6.7661,-6517.75,72.9778,0.2365,0.0732,0.057,15.68,142.0,4.9396,15.67,1.399,1.8057,,8.1605,13.67,3.86,양품
-2.8245,-0.0117,29.8507,14.4819,12.7516,-5552.25,74.2889,-1.797,0.0456,0.145,15.67,398.0,7.4528,15.63,1.087,1.9762,,8.3845,23.08,4.431,양품
-4.9336,-0.0081,67.6923,8.9205,11.777,-5731.5,67.4333,0.0,0.0905,0.083,15.57,232.0,6.9694,15.64,1.097,1.9988,,8.7441,19.52,4.173,양품
3.1427,-0.0116,43.0108,43.2311,32.8409,-5313.5,69.6556,-0.3311,0.0845,0.221,15.77,1057.0,6.58,15.73,1.163,1.9918,,9.0402,18.9,3.853,양품
7.71,-0.0114,29.7268,9.7771,11.3777,-5282.25,67.7778,-0.9461,0.0369,0.053,15.73,250.0,6.3838,15.73,1.13,1.9925,,8.7286,21.25,4.138,양품
-3.1827,-0.0096,51.1082,14.8287,21.5199,-5418.25,74.5889,0.0,0.0481,0.224,15.73,395.0,7.2913,15.71,1.465,2.0275,,8.2963,22.58,4.149,양품
-5.1645,-0.0114,38.512,3.3355,5.3369,-6333.25,73.3778,0.3784,0.065,0.233,15.73,76.0,5.0275,15.72,0.9365,0.6785,,8.6024,15.66,2.398,불량
-3.5064,-0.0119,42.7673,24.903,7.9854,-5497.5,72.1111,0.0,0.0639,0.123,15.73,642.0,8.0069,15.71,1.465,1.9745,,8.3675,24.07,4.149,양품
-1.0455,-0.0124,42.0627,29.9087,19.0151,-5564.0,72.1889,0.0,0.0553,0.177,15.71,778.0,6.2074,15.7,1.276,2.0408,,8.5615,21.6,4.04,양품
-4.25,-0.0133,42.2243,26.886,24.7697,-5264.5,74.8778,0.0,0.0802,0.187,15.73,711.0,6.2117,15.71,1.465,1.9637,,8.2061,20.05,4.149,양품
2.3091,-0.0111,32.287,6.5326,9.9297,-6475.5,72.0556,0.0,0.0985,0.085,15.73,151.0,6.3138,15.71,1.465,1.8032,,8.1605,20.06,4.149,양품
-6.2473,-0.0086,36.9942,20.9453,8.7785,-5274.25,73.3,-0.3311,0.0746,0.174,15.77,534.0,5.3692,15.73,1.163,1.9975,,8.3675,17.59,3.853,불량
-2.5027,-0.0094,174.0988,4.6266,8.2733,-6623.75,70.5667,0.0,0.0638,0.064,15.71,105.0,8.5495,15.7,1.276,1.7985,,8.1605,24.36,4.04,양품
4.1691,-0.0121,39.6285,13.943,16.3092,-5187.25,68.0889,-0.4258,0.0841,0.138,15.79,340.0,8.6883,15.82,1.064,1.994,,8.7556,24.51,4.029,양품
-0.4491,-0.0115,48.0349,18.4107,23.5676,-5384.5,67.1222,-0.4258,0.0761,0.133,15.79,490.0,5.9439,15.82,1.064,1.9675,,8.8909,19.32,4.029,양품
-2.1136,-0.0113,44.0529,14.8666,8.4517,-5158.75,70.9778,-0.4258,0.0714,0.168,15.79,383.0,6.6639,15.82,1.064,2.0175,,8.451,22.37,4.029,양품
-0.7664,-0.0122,22.8805,7.01,2.8258,-5379.0,72.0667,-0.4258,0.0798,0.083,15.79,180.0,5.3262,15.82,1.064,2.0225,,9.9095,19.28,4.029,양품
0.4345,-0.0131,44.2748,22.4866,8.02,-5311.75,69.2,-0.4258,0.0826,0.195,15.79,567.0,7.3448,15.82,1.064,1.9888,,9.3181,23.48,4.029,양품
2.9864,-0.0134,38.0242,18.416,17.2136,-5211.0,69.3667,-0.4258,0.1201,0.066,15.79,479.0,8.1537,15.82,1.064,2.0122,,8.9036,25.11,4.029,양품
-3.7245,-0.0092,40.2721,18.4259,9.8321,-6194.0,69.8778,0.0,0.1049,0.124,15.73,446.0,8.1594,15.71,1.465,1.826,,8.1605,25.84,4.149,양품
-1.4782,-0.0129,39.4966,30.1893,43.3148,-4416.5,72.9778,-0.0473,0.089,0.181,15.8,857.0,5.4125,15.78,1.376,1.9718,,8.4891,15.44,4.014,양품
0.2945,-0.0124,24.2669,4.6889,2.9453,-6451.0,72.9778,-0.8515,0.1122,0.092,15.72,107.0,6.2424,15.72,1.262,1.7913,,8.9607,20.31,4.224,양품
5.6155,-0.013,29.9137,5.3897,6.3697,-6358.25,72.3889,-0.0473,0.0676,0.074,15.8,125.0,5.0686,15.78,1.376,1.8172,,8.4891,15.64,4.014,양품
5.5191,-0.0143,33.4786,4.2968,6.7731,-6422.5,74.4333,-0.0473,0.108,0.074,15.8,97.0,7.3597,15.78,1.376,1.7997,,8.4891,21.95,4.014,양품
2.2618,-0.0125,39.8804,19.9181,13.1892,-5641.0,72.8222,-0.0946,0.1012,0.157,15.71,535.0,6.9216,15.7,1.503,1.9668,,9.7571,21.05,4.435,양품
2.3936,-0.0135,36.4312,4.8187,13.5669,-6464.25,74.3,-0.0473,0.0785,0.105,15.8,109.0,8.0541,15.78,1.376,1.787,,8.4891,22.49,4.014,양품
-2.7973,-0.0091,30.727,16.2687,8.8205,-5362.5,72.7111,-0.0946,0.1081,0.14,15.71,436.0,6.6345,15.7,1.503,1.994,,8.5735,19.78,4.435,양품
-0.0864,-0.0092,41.4734,8.4315,18.8408,-5249.25,68.0778,-0.7096,0.0719,0.049,15.69,220.0,3.8922,15.68,1.711,2.024,,9.1526,11.02,4.227,양품
-0.2491,-0.0091,75.0345,12.5,27.6097,-5295.25,68.3111,-0.0473,0.0906,0.097,15.8,320.0,4.9734,15.78,1.376,2.0145,,9.0744,15.62,4.014,양품
-1.7909,-0.0092,27.0636,11.0347,21.2655,-5290.25,73.4444,-0.8042,0.0578,0.111,15.75,297.0,7.2246,15.73,1.087,1.956,,8.2345,20.77,4.25,양품
1.6018,-0.0113,28.1938,1.6998,2.1409,-6586.0,69.6222,-0.8042,0.0585,0.072,15.57,38.0,4.8429,15.63,1.395,1.7933,,8.6384,16.39,4.289,양품
-2.8618,-0.0125,32.7345,5.7997,7.9658,-6553.0,68.5556,-0.8042,0.049,0.053,15.57,131.0,5.4979,15.63,1.395,1.8037,,8.6384,16.61,4.289,양품
-10.68,-0.0115,24.4009,5.447,5.0992,-6373.5,69.9,-1.229,0.0738,0.088,15.61,122.0,5.5075,15.62,1.38,1.817,,8.6384,18.22,4.406,양품
-0.5591,-0.0119,53.9515,1.2391,4.1691,-6548.25,68.3667,-1.229,0.0659,0.063,15.61,28.0,5.7273,15.62,1.38,1.801,,8.6384,18.05,4.406,양품
-2.9609,-0.0141,17.6991,7.3518,21.8393,-5426.0,72.3222,-0.8042,0.0545,0.129,15.57,191.0,7.597,15.63,1.395,2.0225,,8.2963,22.84,4.289,양품
1.4791,-0.0113,23.8411,16.6682,11.2802,-5257.0,70.5,-0.0473,0.1198,0.101,15.69,449.0,7.1279,15.68,1.22,1.9643,,9.1526,20.47,4.412,양품
1.2518,-0.0112,50.7795,2.6616,3.0742,-6473.25,70.3333,-1.229,0.1404,0.081,15.61,59.0,5.1882,15.62,1.38,1.7997,,8.6384,17.05,4.406,양품
0.0064,-0.0126,27.8884,3.7721,9.0851,-5459.5,68.0889,-0.0473,0.0906,0.073,15.69,95.0,6.3409,15.68,1.22,1.9885,,9.7137,19.64,4.412,양품
2.1927,-0.013,29.2027,12.0327,10.9684,-5351.75,72.6667,-0.8042,0.0833,0.104,15.75,305.0,8.0469,15.73,1.087,1.9828,,8.3267,22.37,4.25,양품
3.6664,-0.0126,30.1288,3.4471,2.6249,-6514.5,69.3778,-0.1419,0.0667,0.04,15.63,78.0,5.6297,15.59,1.343,1.81,,8.6384,17.74,4.392,양품
1.4845,-0.0122,52.4053,6.8343,16.2028,-5227.5,69.9333,-0.1419,0.1006,0.18,15.63,176.0,6.7492,15.59,1.343,2.0513,,9.193,23.01,4.392,양품
-5.0355,-0.0126,36.5442,22.2056,9.7374,-5874.25,70.4333,0.0,0.0669,0.139,15.57,593.0,5.3448,15.54,1.144,2.0362,0.0126,9.193,16.99,4.791,양품
-3.1427,-0.0097,54.7804,21.9345,17.2058,-5626.0,74.7444,0.0,0.0653,0.106,15.57,593.0,7.1847,15.54,1.144,1.9565,,9.004,21.83,4.791,양품
-0.6236,-0.0141,54.4651,5.5529,10.5098,-5100.0,70.4444,-1.088,0.0621,0.225,15.58,146.0,6.1699,15.56,1.295,1.9903,,8.8973,21.13,4.538,양품
-0.0445,-0.0137,23.3364,16.9312,14.1219,-5473.75,74.8111,0.0,0.0649,0.145,15.57,456.0,7.5267,15.54,1.144,1.9828,0.0364,8.6691,24.01,4.791,양품
-1.3327,-0.0117,64.9573,12.9775,13.2699,-5569.0,73.3667,-0.7569,0.0794,0.096,15.54,344.0,6.7894,15.53,1.324,2.011,,8.5615,22.44,4.166,양품
2.6991,-0.0132,53.0303,8.6009,0.5736,-5404.75,74.4,-1.277,0.0787,0.036,15.47,223.0,8.2101,15.51,1.102,1.9857,,8.941,24.49,4.133,양품
-2.5418,-0.0107,67.907,9.3472,14.4665,-5115.25,72.1111,-1.277,0.0959,0.144,15.47,242.0,5.179,15.51,1.102,1.9992,,8.8054,16.61,4.133,양품
-1.1236,-0.0147,48.2173,24.4521,13.616,-5530.25,72.7444,-0.7569,0.0548,0.159,15.54,636.0,6.2176,15.53,1.324,2.019,,9.0355,20.07,4.166,양품
-0.9091,-0.0135,47.2761,13.5593,8.0608,-5160.75,68.8778,-1.088,0.0617,0.122,15.51,348.0,5.9428,15.56,1.423,1.9825,,8.6472,18.47,4.385,양품
-1.7382,-0.0126,20.6349,12.6941,37.9753,-5200.75,69.8222,-1.088,0.0798,0.162,15.51,327.0,7.1458,15.56,1.423,1.9635,,9.1526,23.51,4.385,양품
0.2327,-0.0136,26.4706,11.6964,31.172,-5405.5,73.2444,-1.088,0.0536,0.119,15.58,302.0,5.7606,15.56,1.295,1.975,,8.7552,20.02,4.538,양품
-1.3018,-0.0096,50.9091,14.0799,15.5154,-5175.5,73.4,-1.088,0.1129,0.111,15.51,364.0,7.819,15.56,1.423,1.9867,,8.7538,22.62,4.385,양품
-2.8845,-0.0101,57.2133,16.9854,42.4142,-4821.5,73.6444,-0.8988,0.0828,0.124,15.56,433.0,6.4491,15.55,1.182,2.0263,,9.004,20.63,4.413,양품
-4.7682,-0.0115,30.5677,7.3099,20.0468,-5552.0,73.9444,-0.8988,0.0947,0.089,15.56,193.0,6.3801,15.55,1.182,1.9817,,8.941,21.15,4.413,양품
3.3573,-0.0099,62.9442,17.316,12.5151,-5393.5,72.1556,-0.9934,0.1185,0.192,15.56,450.0,7.0746,15.5,1.522,1.9805,,9.065,21.21,4.523,양품
-2.6591,-0.009,43.2133,11.9398,23.2056,-5304.75,72.6556,-0.8988,0.0979,0.159,15.56,335.0,7.5973,15.55,1.182,2.0175,,7.6032,23.91,4.413,양품
26.9709,-0.0101,29.5931,12.0938,8.2557,-5475.0,73.1111,-0.8988,0.0842,0.269,15.56,308.0,8.0467,15.55,1.182,1.997,,8.451,25.97,4.413,양품
0.6055,-0.0116,64.5161,14.7415,8.2801,-5591.75,73.6333,-0.8988,0.0988,0.074,15.56,365.0,6.4327,15.55,1.182,1.9785,,9.4749,22.43,4.413,양품
4.7545,-0.0091,39.4521,8.8044,11.2835,-5592.25,72.0778,-0.8988,0.0932,0.055,15.56,227.0,7.6244,15.55,1.182,1.9882,,8.9605,24.58,4.413,양품
-0.2709,-0.0098,35.8056,12.8826,9.6214,-5394.25,72.5667,-0.9934,0.094,0.055,15.56,323.0,7.9792,15.5,1.522,1.995,,8.7552,23.02,4.523,양품
-2.8555,-0.0109,51.3761,5.6831,6.9485,-6476.25,66.7222,-1.277,0.0956,0.08,15.47,125.0,5.6773,15.51,1.102,1.7945,,8.7326,19.99,4.133,양품
3.8873,-0.0118,55.9322,9.7884,19.8771,-6062.25,74.3889,-0.8988,0.1067,0.063,15.56,266.0,5.0034,15.55,1.182,2.016,,8.5508,17.49,4.413,양품
-3.2373,-0.0101,52.6708,5.3214,6.2801,-6592.25,71.1778,0.0,0.0987,0.064,15.73,119.0,7.5403,15.71,1.465,1.7853,,8.1605,23.48,4.149,양품
-1.1627,-0.0125,32.7345,24.259,27.9911,-5526.75,71.2,-0.8988,0.0862,0.233,15.56,665.0,6.354,15.55,1.182,2.0035,0.0186,9.193,20.27,4.413,양품
-0.7418,-0.0108,43.418,12.2998,58.1899,-4939.0,73.2667,-0.8988,0.2024,0.165,15.56,311.0,6.6487,15.55,1.182,1.9918,,8.7164,21.89,4.413,양품
-6.7227,-0.0129,27.9612,10.9152,14.9885,-5631.0,74.0444,-1.277,0.0716,0.118,15.47,274.0,7.5373,15.51,1.102,2.0308,,9.004,23.59,4.133,양품
0.4445,-0.0102,52.0885,14.7528,26.0691,-5734.75,72.4,-0.7709,0.1074,0.138,15.81,414.0,6.7892,15.88,1.925,2.0205,,8.7512,20.68,3.403,양품
-1.5091,-0.0092,23.816,13.6451,5.0587,-5554.75,69.9667,-0.7709,0.0942,0.095,15.81,356.0,6.6894,15.88,1.925,2.0078,,8.3823,19.35,3.403,양품
2.44,-0.0098,45.6853,17.3119,11.5716,-5695.0,73.9222,-0.7709,0.1088,0.154,15.81,455.0,7.4166,15.88,1.925,1.9883,,8.3845,23.17,3.403,양품
-3.45,-0.0143,26.4808,7.0001,10.5368,-6254.25,74.5889,-0.7569,0.066,0.093,15.54,162.0,7.5951,15.53,1.324,1.809,,8.886,20.85,4.166,양품
4.9209,-0.012,24.948,13.4184,11.2676,-6354.5,74.1444,-0.7709,0.1241,0.34,15.81,305.0,7.9323,15.88,1.925,0.622,,9.152,26.58,3.403,양품
-4.6173,-0.0094,58.5885,2.2653,2.5432,-6330.5,73.5667,-0.0946,0.082,0.046,15.77,52.0,5.0832,15.74,1.461,1.8055,,8.886,17.03,4.775,양품
-1.65,-0.0136,40.5157,21.4145,17.6237,-5594.75,75.0333,-0.0946,0.0662,0.149,15.77,570.0,6.444,15.74,1.461,1.9955,,9.004,20.04,4.775,양품
-2.9818,-0.0122,18.8139,10.8466,18.1791,-5093.75,73.0,-0.7709,0.1082,0.173,15.81,295.0,6.3746,15.88,1.925,1.9327,,8.7552,22.16,3.403,양품
2.0318,-0.0101,23.7037,1.818,12.4777,-5193.25,72.3,0.6623,0.0961,0.068,15.77,46.0,7.8022,15.74,0.9885,2.011,,8.7512,23.99,2.431,양품
-0.2255,-0.0112,26.8757,9.3414,10.5018,-5465.75,73.4556,-0.0946,0.0784,0.079,15.77,239.0,7.4119,15.74,1.461,1.9872,,8.941,22.42,4.775,양품
-2.0455,-0.013,31.5082,7.2329,8.5344,-5097.0,72.0,-0.1892,0.08,0.22,15.73,188.0,6.0673,15.73,1.21,1.9855,,9.065,21.12,4.722,양품
0.9027,-0.0097,50.2564,2.0709,4.2629,-6427.5,70.5111,0.6623,0.0759,0.024,15.77,47.0,5.366,15.74,0.9885,1.808,,8.6384,17.53,2.431,양품
-4.8809,-0.0091,50.4801,8.2885,12.3268,-5321.75,71.9333,-0.8515,0.0842,0.117,15.72,208.0,9.0924,15.77,1.21,1.9768,,8.9605,26.52,4.891,양품
-3.88,-0.0122,36.999,12.2748,32.1917,-5153.5,72.7556,-0.9461,0.0454,0.059,15.73,322.0,7.4903,15.73,1.13,2.007,,8.3675,23.97,4.138,양품
4.7573,-0.0095,42.0499,11.9386,6.4057,-5370.25,71.1444,0.6623,0.106,0.147,15.77,313.0,7.1218,15.74,0.9885,2.0072,,8.8054,26.49,2.431,양품
-5.0918,-0.0126,31.8091,11.9127,17.8737,-5488.5,70.8778,-0.8515,0.0928,0.053,15.72,322.0,6.8619,15.77,1.21,1.9925,0.0152,8.8331,20.12,4.891,양품
-0.6345,-0.0103,40.0,24.3072,33.6073,-5475.0,74.5778,-0.0946,0.0646,0.219,15.77,625.0,7.9629,15.74,1.461,1.993,,9.2189,22.84,4.775,양품
-4.7227,-0.0122,36.0287,7.4382,17.3476,-5868.25,73.6556,0.6623,0.0783,0.112,15.77,206.0,8.3869,15.74,0.9885,1.9745,,8.7786,26.14,2.431,양품
-2.0164,-0.0122,49.0296,15.0113,13.8124,-5372.0,72.2333,-0.0946,0.0724,0.125,15.77,365.0,7.6205,15.74,1.461,2.008,0.0161,9.4749,26.44,4.775,양품
-0.3773,-0.0111,38.7824,13.703,3.2733,-5468.5,67.9,0.6623,0.0788,0.182,15.77,346.0,7.987,15.74,0.9885,1.9928,,8.7326,23.31,2.431,양품
2.8691,0.0016,244.2748,18.1616,15.9283,-5575.0,72.5,0.3784,0.0803,0.169,15.73,491.0,6.8321,15.72,0.9365,1.9828,,8.6695,20.66,2.398,불량
-3.9073,-0.0124,55.814,4.2235,5.8268,-6247.0,72.7556,-0.0946,0.077,0.247,15.77,96.0,6.3454,15.74,1.461,0.6845,,9.152,20.6,4.775,양품
-2.0718,-0.012,32.4662,28.6842,21.9175,-5233.25,71.3889,-0.7709,0.0803,0.082,15.81,781.0,7.132,15.88,1.925,1.9915,,8.8054,23.52,3.403,양품
1.3464,-0.01,47.0588,10.8159,16.1379,-5366.25,72.1556,0.0,0.0812,0.09,15.87,287.0,6.7639,15.85,1.031,1.954,,8.7164,22.54,2.175,양품
-1.8045,-0.0086,42.0438,2.5874,5.8532,-6458.0,74.7778,-0.1892,0.0677,0.206,15.73,59.0,6.6992,15.73,1.21,0.6387,,8.6024,21.16,4.722,양품
-4.4309,-0.011,26.2741,28.6932,9.466,-5641.25,72.9667,-1.088,0.082,0.091,15.75,791.0,8.4078,15.74,1.513,1.97,,8.3271,26.76,4.635,양품
-2.1155,-0.0118,47.6089,10.6757,16.6586,-5138.5,72.7889,-1.088,0.0755,0.143,15.75,269.0,5.7323,15.74,1.513,1.9625,,7.6032,18.03,4.635,양품
-3.6509,-0.0125,39.9202,16.7287,13.2271,-5587.0,71.7,-1.088,0.0455,0.076,15.75,427.0,6.2494,15.74,1.513,2.0065,,8.3271,18.31,4.635,양품
-2.5382,-0.013,30.8582,20.4815,17.3733,-5566.0,74.3667,-1.088,0.0969,0.186,15.75,536.0,8.1182,15.74,1.513,2.0002,,9.2189,23.33,4.635,양품
4.4209,-0.0091,55.0206,18.1942,23.6837,-5337.0,72.4889,-0.0946,0.0749,0.13,15.77,466.0,9.2874,15.74,1.461,1.9918,,8.7552,25.47,4.775,양품
0.5773,-0.0111,21.646,4.2887,6.7569,-6393.5,75.5778,-0.8988,0.1191,0.039,15.75,97.0,6.9072,15.74,1.404,1.8135,,8.4768,24.18,4.678,양품
-0.1882,-0.0094,35.9788,24.4111,17.8266,-5822.75,72.2778,-0.9934,0.106,0.163,15.72,684.0,5.9,15.72,1.385,1.975,,9.065,16.8,4.682,양품
-2.2382,-0.0109,43.2184,5.6047,17.3274,-5442.25,72.2667,-0.0946,0.0891,0.166,15.77,144.0,5.7998,15.74,1.461,2.026,,8.7512,17.6,4.775,양품
-1.1655,-0.0156,32.7185,16.0519,20.4151,-5275.5,69.0222,-0.5677,0.0754,0.064,15.76,408.0,5.8631,15.71,1.39,2.0122,,9.7137,19.06,4.936,양품
-0.4527,-0.0104,29.8795,7.5092,14.9017,-5670.5,71.2556,-0.9934,0.082,0.052,15.72,209.0,5.8218,15.72,1.385,1.9785,0.0169,9.152,18.18,4.682,양품
-3.8991,-0.0135,32.4723,20.9259,22.5451,-5713.0,75.1778,-0.9934,0.0645,0.091,15.72,565.0,5.4053,15.72,1.385,1.9728,,9.004,18.79,4.682,양품
1.5118,-0.0115,27.0153,7.2263,18.6959,-5455.75,75.1222,-0.9934,0.0859,0.09,15.72,184.0,6.6226,15.72,1.385,2.0093,,8.4597,20.79,4.682,양품
-2.3127,-0.0102,61.0086,18.4036,11.7536,-5300.5,74.4667,-0.9934,0.1543,0.153,15.72,479.0,8.7002,15.72,1.385,2.0068,,8.5615,24.7,4.682,양품
0.6482,-0.0108,38.934,4.7163,6.8893,-6430.25,74.8556,-0.5677,0.0934,0.123,15.76,107.0,5.8779,15.71,1.39,1.794,,8.5529,19.1,4.936,양품
-4.3518,-0.0097,36.036,18.9163,35.0034,-5219.5,73.6,-0.9934,0.0804,0.117,15.72,494.0,7.8757,15.72,1.385,1.9752,,8.947,22.48,4.682,양품
5.9282,-0.011,45.3001,24.7067,9.2937,-5638.25,73.0222,-0.9934,0.0631,0.08,15.72,637.0,5.5561,15.72,1.385,1.9972,,8.3271,20.21,4.682,양품
5.6382,-0.0091,49.3827,26.7628,9.4803,-5685.5,72.2444,-0.9934,0.1029,0.125,15.72,761.0,7.2133,15.72,1.385,2.0075,,8.7609,24.83,4.682,양품
-3.1818,-0.0095,46.3768,14.2528,9.6951,-5281.0,73.2556,-0.9934,0.0936,0.175,15.72,356.0,8.8926,15.72,1.385,1.9972,,8.3267,26.96,4.682,양품
3.6809,-0.0123,41.5902,14.7163,26.4203,-5223.25,69.8111,0.0,,0.213,15.93,393.0,4.8908,15.95,1.333,1.9945,,8.6382,15.57,2.032,양품
5.6627,-0.0141,25.6,8.1731,5.9307,-6424.25,70.2444,0.0,,0.045,15.93,186.0,5.8961,15.95,1.333,1.8,,8.6382,19.8,2.032,양품
3.2882,-0.0134,23.221,4.5266,13.741,-5756.5,70.8333,0.0,,0.144,15.93,120.0,5.3304,15.95,1.333,1.996,,8.6382,17.16,2.032,양품
4.6964,-0.0138,44.0831,16.9744,15.8089,-5338.75,72.8556,0.0,,0.179,15.67,462.0,6.1135,15.69,1.541,1.991,,8.1728,18.86,4.947,양품
-2.4436,-0.0127,37.684,29.6267,24.801,-5056.25,71.0444,0.0,,0.174,15.67,760.0,7.3467,15.69,1.541,1.984,,8.1728,24.9,4.947,양품
1.5645,-0.0117,30.0107,13.5176,14.0368,-5222.0,72.6,-0.5677,,0.087,15.76,362.0,4.885,15.71,1.39,2.0217,,8.7164,14.17,4.936,양품
2.9545,-0.014,35.094,4.7224,7.7117,-6457.75,72.3444,0.0,,0.108,15.67,111.0,5.8635,15.69,1.541,1.821,,8.1728,18.1,4.947,양품
-4.99,-0.011,31.7101,6.387,17.6446,-5491.75,73.2333,-0.8515,,0.079,15.72,169.0,6.2058,15.7,1.343,2.0257,,13.5481,20.39,4.749,양품
3.0682,-0.009,42.1053,27.4517,9.5163,-5727.0,72.3333,-0.5677,0.1029,0.186,15.76,739.0,7.3852,15.71,1.39,1.9987,,8.9605,19.89,4.936,양품
2.9691,-0.0103,36.715,23.8702,18.1137,-5073.5,73.1444,0.0,,0.111,15.67,618.0,6.8537,15.69,1.541,2.0263,,8.7552,19.84,4.947,양품
2.3318,-0.0107,40.0932,2.0605,3.3665,-6416.25,69.5,-0.1419,,0.054,15.87,48.0,7.4274,15.92,1.309,1.8035,,8.1605,23.55,1.671,양품
2.8009,-0.0136,37.4312,1.3729,2.3698,-6456.25,69.5889,0.0,,0.041,15.93,32.0,5.7768,15.95,1.333,1.805,,8.5494,18.33,2.032,양품
1.5745,-0.0102,46.022,14.5341,8.5317,-4958.0,72.4889,-0.1419,,0.102,15.87,374.0,6.3127,15.92,1.309,1.977,,8.7512,21.43,1.671,양품
-2.7673,-0.0109,21.9931,14.9368,27.4824,-5083.25,73.2222,-0.1419,,0.153,15.87,372.0,8.0658,15.92,1.309,1.964,,9.2189,25.18,1.671,양품
-2.3109,-0.0103,46.6586,18.0638,18.7263,-5735.25,71.9111,0.0,,0.044,15.67,487.0,5.8205,15.69,1.541,1.9777,,9.065,20.76,4.947,양품
0.0627,-0.0099,55.4855,32.3691,25.1298,-6020.75,71.4222,-0.1419,,0.208,15.87,870.0,5.5391,15.92,1.309,2.0252,,8.3267,18.69,1.671,양품
5.9345,-0.0104,44.9761,6.9142,3.8775,-6499.0,72.3778,-0.8515,,0.072,15.72,155.0,5.737,15.7,1.343,1.8005,,8.4509,18.39,4.749,양품
-3.1909,-0.0104,88.6747,13.9879,24.0431,-5427.75,73.0222,-0.8515,,0.072,15.72,364.0,8.7513,15.7,1.343,1.996,,8.7786,26.03,4.749,양품
3.4827,-0.0114,49.9452,8.8486,4.6387,-6424.25,66.6111,-0.8515,,0.081,15.72,210.0,5.0416,15.7,1.343,1.81,,8.436,17.38,4.749,양품
4.6227,-0.0134,38.2022,13.3936,9.0162,-5357.0,73.3444,,,0.107,,363.0,7.0816,,,1.9992,,8.1728,23.11,,양품
2.8182,-0.0094,53.1915,12.8067,23.6217,-5418.75,71.1444,0.0,,0.123,15.67,334.0,7.5769,15.69,1.541,1.954,,8.7164,23.23,4.947,양품
-3.3555,-0.0116,29.4372,4.1273,7.8642,-6408.75,72.8444,-0.1419,,0.055,15.87,94.0,6.4134,15.92,1.309,1.8023,,8.9607,20.52,1.671,양품
1.1664,-0.0142,54.833,20.0222,22.8594,-5153.25,71.2667,,,0.109,,542.0,6.9172,,,1.9435,,8.1728,20.07,,양품
4.4682,-0.0087,78.4993,9.4153,33.0061,-5271.75,70.5111,-0.9934,,0.098,15.72,252.0,7.5822,15.72,1.385,1.988,,9.193,26.63,4.682,양품
1.8718,-0.0102,75.8621,11.3943,14.3435,-5319.5,73.0667,,,0.051,,304.0,8.3205,,,2.0085,,8.7786,23.35,,양품
